001000000000_tp|留资|1|001000000000_tp||||MG
001002000000_tp|自然客流|2|001000000000_tp|001002000000_tp|||MG
001003000000_tp|孵化中心|2|001000000000_tp|001003000000_tp|||MG
001004000000_tp|一方触点|2|001000000000_tp|001004000000_tp|||MG
001004001000_tp|官网|3|001000000000_tp|001004000000_tp|001004001000_tp||MG
001004001001_tp|官网|4|001000000000_tp|001004000000_tp|001004001000_tp|001004001001_tp|MG
001004001002_tp|名爵官网试乘试驾|4|001000000000_tp|001004000000_tp|001004001000_tp|001004001002_tp|MG
001004001003_tp|名爵官网移动端二手车|4|001000000000_tp|001004000000_tp|001004001000_tp|001004001003_tp|MG
001004001004_tp|官网一键发信|4|001000000000_tp|001004000000_tp|001004001000_tp|001004001004_tp|MG
001004001005_tp|名爵官网PC端二手车|4|001000000000_tp|001004000000_tp|001004001000_tp|001004001005_tp|MG
001004001006_tp|荣威官网小额定|4|001000000000_tp|001004000000_tp|001004001000_tp|001004001006_tp|MG
001004002000_tp|APP|3|001000000000_tp|001004000000_tp|001004002000_tp||MG
001004002001_tp|名爵APP二手车|4|001000000000_tp|001004000000_tp|001004002000_tp|001004002001_tp|MG
001004002002_tp|名爵试乘试驾|4|001000000000_tp|001004000000_tp|001004002000_tp|001004002002_tp|MG
001004002003_tp|官方APP试乘试驾留资|4|001000000000_tp|001004000000_tp|001004002000_tp|001004002003_tp|MG
001004002004_tp|名爵小额定|4|001000000000_tp|001004000000_tp|001004002000_tp|001004002004_tp|MG
001004002005_tp|小额定单未支付|4|001000000000_tp|001004000000_tp|001004002000_tp|001004002005_tp|MG
001004002006_tp|名爵APP-定金定单未支付|4|001000000000_tp|001004000000_tp|001004002000_tp|001004002006_tp|MG
001004002007_tp|荣威APP-定金定单未支付|4|001000000000_tp|001004000000_tp|001004002000_tp|001004002007_tp|MG
001004002008_tp|MG俱乐部|4|001000000000_tp|001004000000_tp|001004002000_tp|001004002008_tp|MG
001004002009_tp|名爵APP|4|001000000000_tp|001004000000_tp|001004002000_tp|001004002009_tp|MG
001004002010_tp|名爵车主俱乐部二手车|4|001000000000_tp|001004000000_tp|001004002000_tp|001004002010_tp|MG
001004003000_tp|一方触点其他|3|001000000000_tp|001004000000_tp|001004003000_tp||MG
001004003001_tp|益普索益起答|4|001000000000_tp|001004000000_tp|001004003000_tp|001004003001_tp|MG
001004003002_tp|车展互动活动|4|001000000000_tp|001004000000_tp|001004003000_tp|001004003002_tp|MG
001004003003_tp|总部短信营销|4|001000000000_tp|001004000000_tp|001004003000_tp|001004003003_tp|MG
001005000000_tp|新媒体触点|2|001000000000_tp|001005000000_tp|||MG
001005001000_tp|新媒体触点|3|001000000000_tp|001005000000_tp|001005001000_tp||MG
001005001001_tp|支付宝小程序|4|001000000000_tp|001005000000_tp|001005001000_tp|001005001001_tp|MG
001005001002_tp|快应用|4|001000000000_tp|001005000000_tp|001005001000_tp|001005001002_tp|MG
001005001003_tp|快手小程序|4|001000000000_tp|001005000000_tp|001005001000_tp|001005001003_tp|MG
001005001004_tp|抖音小程序|4|001000000000_tp|001005000000_tp|001005001000_tp|001005001004_tp|MG
001005001005_tp|今日头条小程序|4|001000000000_tp|001005000000_tp|001005001000_tp|001005001005_tp|MG
001005001006_tp|名爵合伙人|4|001000000000_tp|001005000000_tp|001005001000_tp|001005001006_tp|MG
001005001007_tp|直播异地线索|4|001000000000_tp|001005000000_tp|001005001000_tp|001005001007_tp|MG
001005001008_tp|R汽车想象魔盒|4|001000000000_tp|001005000000_tp|001005001000_tp|001005001008_tp|MG
001005001009_tp|获客云|4|001000000000_tp|001005000000_tp|001005001000_tp|001005001009_tp|MG
001005001010_tp|其他小程序|4|001000000000_tp|001005000000_tp|001005001000_tp|001005001010_tp|MG
001006000000_tp|网销|2|001000000000_tp|001006000000_tp|||MG
001006001000_tp|汽车垂媒|3|001000000000_tp|001006000000_tp|001006001000_tp||MG
001006001001_tp|汽车之家|4|001000000000_tp|001006000000_tp|001006001000_tp|001006001001_tp|MG
001006001002_tp|懂车帝|4|001000000000_tp|001006000000_tp|001006001000_tp|001006001002_tp|MG
001006001003_tp|易车网|4|001000000000_tp|001006000000_tp|001006001000_tp|001006001003_tp|MG
001006001004_tp|太平洋|4|001000000000_tp|001006000000_tp|001006001000_tp|001006001004_tp|MG
001006001005_tp|17汽车网|4|001000000000_tp|001006000000_tp|001006001000_tp|001006001005_tp|MG
001006001006_tp|好车网|4|001000000000_tp|001006000000_tp|001006001000_tp|001006001006_tp|MG
001006001007_tp|爱卡汽车|4|001000000000_tp|001006000000_tp|001006001000_tp|001006001007_tp|MG
001006001008_tp|腾讯卖车宝|4|001000000000_tp|001006000000_tp|001006001000_tp|001006001008_tp|MG
001006002000_tp|经销商网销主动开拓|3|001000000000_tp|001006000000_tp|001006002000_tp||MG
001006002001_tp|汽车之家网销主动开拓|4|001000000000_tp|001006000000_tp|001006002000_tp|001006002001_tp|MG
001006002002_tp|论坛|4|001000000000_tp|001006000000_tp|001006002000_tp|001006002002_tp|MG
001006002003_tp|QQ|4|001000000000_tp|001006000000_tp|001006002000_tp|001006002003_tp|MG
001006002004_tp|腾讯|4|001000000000_tp|001006000000_tp|001006002000_tp|001006002004_tp|MG
001006002005_tp|合作资源1|4|001000000000_tp|001006000000_tp|001006002000_tp|001006002005_tp|MG
001006002006_tp|合作资源3|4|001000000000_tp|001006000000_tp|001006002000_tp|001006002006_tp|MG
001006002007_tp|社交营销|4|001000000000_tp|001006000000_tp|001006002000_tp|001006002007_tp|MG
001006002008_tp|合作资源2|4|001000000000_tp|001006000000_tp|001006002000_tp|001006002008_tp|MG
001006002009_tp|新浪微博|4|001000000000_tp|001006000000_tp|001006002000_tp|001006002009_tp|MG
001007000000_tp|大数据平台|2|001000000000_tp|001007000000_tp|||MG
001007001000_tp|算法圈人|3|001000000000_tp|001007000000_tp|001007001000_tp||MG
001007001001_tp|冷线索|4|001000000000_tp|001007000000_tp|001007001000_tp|001007001001_tp|MG
001007001002_tp|社交裂变|4|001000000000_tp|001007000000_tp|001007001000_tp|001007001002_tp|MG
001007001003_tp|精准线索|4|001000000000_tp|001007000000_tp|001007001000_tp|001007001003_tp|MG
001007001004_tp|增换购|4|001000000000_tp|001007000000_tp|001007001000_tp|001007001004_tp|MG
001007002000_tp|大数据平台外部合作|3|001000000000_tp|001007000000_tp|001007002000_tp||MG
001007002001_tp|车享家|4|001000000000_tp|001007000000_tp|001007002000_tp|001007002001_tp|MG
001007002002_tp|工商银行|4|001000000000_tp|001007000000_tp|001007002000_tp|001007002002_tp|MG
001007002003_tp|平安租赁|4|001000000000_tp|001007000000_tp|001007002000_tp|001007002003_tp|MG
001007002004_tp|环球车享|4|001000000000_tp|001007000000_tp|001007002000_tp|001007002004_tp|MG
001007002005_tp|浦发银行|4|001000000000_tp|001007000000_tp|001007002000_tp|001007002005_tp|MG
001007002006_tp|金融保客|4|001000000000_tp|001007000000_tp|001007002000_tp|001007002006_tp|MG
001007003000_tp|大数据平台其他|3|001000000000_tp|001007000000_tp|001007003000_tp||MG
001007003001_tp|金线索|4|001000000000_tp|001007000000_tp|001007003000_tp|001007003001_tp|MG
001007003002_tp|活动报名|4|001000000000_tp|001007000000_tp|001007003000_tp|001007003002_tp|MG
001007003003_tp|一键询价|4|001000000000_tp|001007000000_tp|001007003000_tp|001007003003_tp|MG
001007003004_tp|一键留资|4|001000000000_tp|001007000000_tp|001007003000_tp|001007003004_tp|MG
001007003005_tp|销售顾问与我联系|4|001000000000_tp|001007000000_tp|001007003000_tp|001007003005_tp|MG
001007003006_tp|H5线下活动|4|001000000000_tp|001007000000_tp|001007003000_tp|001007003006_tp|MG
001007003007_tp|科大讯飞|4|001000000000_tp|001007000000_tp|001007003000_tp|001007003007_tp|MG
001008000000_tp|广告投放|2|001000000000_tp|001008000000_tp|||MG
001008001000_tp|微信朋友圈|3|001000000000_tp|001008000000_tp|001008001000_tp||MG
001008002000_tp|抖音|3|001000000000_tp|001008000000_tp|001008002000_tp||MG
001008003000_tp|今日头条|3|001000000000_tp|001008000000_tp|001008003000_tp||MG
001008004000_tp|电商|3|001000000000_tp|001008000000_tp|001008004000_tp||MG
001008004001_tp|第三方电商渠道|4|001000000000_tp|001008000000_tp|001008004000_tp|001008004001_tp|MG
001008004002_tp|厂方的网销其他平台-天猫|4|001000000000_tp|001008000000_tp|001008004000_tp|001008004002_tp|MG
001008004003_tp|电商-天猫|4|001000000000_tp|001008000000_tp|001008004000_tp|001008004003_tp|MG
001008005000_tp|汽车垂媒投放|3|001000000000_tp|001008000000_tp|001008005000_tp||MG
001008005001_tp|汽车之家投放|4|001000000000_tp|001008000000_tp|001008005000_tp|001008005001_tp|MG
001008005002_tp|懂车帝广告投放|4|001000000000_tp|001008000000_tp|001008005000_tp|001008005002_tp|MG
001008005003_tp|易车广告投放|4|001000000000_tp|001008000000_tp|001008005000_tp|001008005003_tp|MG
001009000000_tp|SIS接口分配|2|001000000000_tp|001009000000_tp|||MG
001009001000_tp|SIS其它|3|001000000000_tp|001009000000_tp|001009001000_tp||MG
001010000000_tp|其他|2|001000000000_tp|001010000000_tp|||MG
001010001000_tp|厂方导入|3|001000000000_tp|001010000000_tp|001010001000_tp||MG
001010001001_tp|地区性网站|4|001000000000_tp|001010000000_tp|001010001000_tp|001010001001_tp|MG
001010001002_tp|合作伙伴|4|001000000000_tp|001010000000_tp|001010001000_tp|001010001002_tp|MG
001010002000_tp|活动|3|001000000000_tp|001010000000_tp|001010002000_tp||MG
001010002001_tp|KBU活动集客-顾问|4|001000000000_tp|001010000000_tp|001010002000_tp|001010002001_tp|MG
001010002002_tp|KBU活动集客-小蜜蜂|4|001000000000_tp|001010000000_tp|001010002000_tp|001010002002_tp|MG
001010002003_tp|KBU活动集客-大屏|4|001000000000_tp|001010000000_tp|001010002000_tp|001010002003_tp|MG
001010002004_tp|A类活动|4|001000000000_tp|001010000000_tp|001010002000_tp|001010002004_tp|MG
001010003000_tp|经销商网销主动开拓|3|001000000000_tp|001010000000_tp|001010003000_tp||MG
001010003001_tp|基盘客户(网销)|4|001000000000_tp|001010000000_tp|001010003000_tp|001010003001_tp|MG
001010003002_tp|官方分配|4|001000000000_tp|001010000000_tp|001010003000_tp|001010003002_tp|MG
001010003003_tp|网销外展|4|001000000000_tp|001010000000_tp|001010003000_tp|001010003003_tp|MG
001010003004_tp|新渠道|4|001000000000_tp|001010000000_tp|001010003000_tp|001010003004_tp|MG
001010004000_tp|上报平台|3|001000000000_tp|001010000000_tp|001010004000_tp||MG
001010004001_tp|直播异地线索|4|001000000000_tp|001010000000_tp|001010004000_tp|001010004001_tp|MG
001010005000_tp|网站平台接口|3|001000000000_tp|001010000000_tp|001010005000_tp||MG
001010005001_tp|网站|4|001000000000_tp|001010000000_tp|001010005000_tp|001010005001_tp|MG
001010006000_tp|智能调配|3|001000000000_tp|001010000000_tp|001010006000_tp||MG
001010006001_tp|精准线索|4|001000000000_tp|001010000000_tp|001010006000_tp|001010006001_tp|MG
001011000000_tp|大客户|2|001000000000_tp|001011000000_tp|||MG
002000000000_tp|内容培育与孵化|1|002000000000_tp||||MG
002001000000_tp|注册及订阅一方平台|2|002000000000_tp|002001000000_tp|||MG
002001001000_tp|官网注册|3|002000000000_tp|002001000000_tp|002001001000_tp||MG
002001002000_tp|APP注册|3|002000000000_tp|002001000000_tp|002001002000_tp||MG
002001003000_tp|小程序平台注册|3|002000000000_tp|002001000000_tp|002001003000_tp||MG
002001003001_tp|小程序注册|4|002000000000_tp|002001000000_tp|002001003000_tp|002001003001_tp|MG
002001003002_tp|支付宝注册|4|002000000000_tp|002001000000_tp|002001003000_tp|002001003002_tp|MG
002001003003_tp|ZEBRA注册|4|002000000000_tp|002001000000_tp|002001003000_tp|002001003003_tp|MG
002001003004_tp|快应用注册|4|002000000000_tp|002001000000_tp|002001003000_tp|002001003004_tp|MG
002001003005_tp|头条注册|4|002000000000_tp|002001000000_tp|002001003000_tp|002001003005_tp|MG
002001003006_tp|百度注册|4|002000000000_tp|002001000000_tp|002001003000_tp|002001003006_tp|MG
002001003007_tp|快手注册|4|002000000000_tp|002001000000_tp|002001003000_tp|002001003007_tp|MG
002001004000_tp|活动引流注册|3|002000000000_tp|002001000000_tp|002001004000_tp||MG
002001004001_tp|老用户推荐新用户注册|4|002000000000_tp|002001000000_tp|002001004000_tp|002001004001_tp|MG
002001004002_tp|春节裂变活动注册|4|002000000000_tp|002001000000_tp|002001004000_tp|002001004002_tp|MG
002001005000_tp|CCM注册|3|002000000000_tp|002001000000_tp|002001005000_tp||MG
002001006000_tp|订阅微信公众号|3|002000000000_tp|002001000000_tp|002001006000_tp||MG
002002000000_tp|浏览|2|002000000000_tp|002002000000_tp|||MG
002002002000_tp|社区文章浏览|3|002000000000_tp|002002000000_tp|002002002000_tp||MG
002002002001_tp|社区文章浏览[0,5)s|4|002000000000_tp|002002000000_tp|002002002000_tp|002002002001_tp|MG
002002002002_tp|社区文章浏览[5,30)s|4|002000000000_tp|002002000000_tp|002002002000_tp|002002002002_tp|MG
002002002003_tp|社区文章浏览>=30s|4|002000000000_tp|002002000000_tp|002002002000_tp|002002002003_tp|MG
002002003000_tp|社区文章卡片点击|3|002000000000_tp|002002000000_tp|002002003000_tp||MG
002002004000_tp|帖子浏览|3|002000000000_tp|002002000000_tp|002002004000_tp||MG
002003000000_tp|发帖|2|002000000000_tp|002003000000_tp|||MG
002003001000_tp|社区内容发布|3|002000000000_tp|002003000000_tp|002003001000_tp||MG
002003001001_tp|发布文章|4|002000000000_tp|002003000000_tp|002003001000_tp|002003001001_tp|MG
002003001002_tp|发布新闻|4|002000000000_tp|002003000000_tp|002003001000_tp|002003001002_tp|MG
002003001003_tp|发布活动|4|002000000000_tp|002003000000_tp|002003001000_tp|002003001003_tp|MG
002004000000_tp|评论|2|002000000000_tp|002004000000_tp|||MG
002004001000_tp|社区文章评论|3|002000000000_tp|002004000000_tp|002004001000_tp||MG
002005000000_tp|点赞|2|002000000000_tp|002005000000_tp|||MG
002005001000_tp|社区文章点赞|3|002000000000_tp|002005000000_tp|002005001000_tp||MG
002006000000_tp|分享|2|002000000000_tp|002006000000_tp|||MG
002006001000_tp|社区文章分享|3|002000000000_tp|002006000000_tp|002006001000_tp||MG
002006003000_tp|小程序海报分享|3|002000000000_tp|002006000000_tp|002006003000_tp||MG
002006003001_tp|海报分享成功|4|002000000000_tp|002006000000_tp|002006003000_tp|002006003001_tp|MG
002006003002_tp|展厅海报分享成功|4|002000000000_tp|002006000000_tp|002006003000_tp|002006003002_tp|MG
002007000000_tp|收藏|2|002000000000_tp|002007000000_tp|||MG
002007001000_tp|社区文章收藏|3|002000000000_tp|002007000000_tp|002007001000_tp||MG
002008000000_tp|消息互动|2|002000000000_tp|002008000000_tp|||MG
002008001000_tp|公众号消息触达|3|002000000000_tp|002008000000_tp|002008001000_tp||MG
002008001001_tp|社交账号的群发消息|4|002000000000_tp|002008000000_tp|002008001000_tp|002008001001_tp|MG
002008001002_tp|社交账号的入站消息|4|002000000000_tp|002008000000_tp|002008001000_tp|002008001002_tp|MG
002008001003_tp|社交账号的出站消息|4|002000000000_tp|002008000000_tp|002008001000_tp|002008001003_tp|MG
002008002000_tp|APP消息点击|3|002000000000_tp|002008000000_tp|002008002000_tp||MG
002008002001_tp|站内信消息点击|4|002000000000_tp|002008000000_tp|002008002000_tp|002008002001_tp|MG
002008002002_tp|OS消息点击|4|002000000000_tp|002008000000_tp|002008002000_tp|002008002002_tp|MG
002008003000_tp|消息中心访问|3|002000000000_tp|002008000000_tp|002008003000_tp||MG
002008003001_tp|消息中心首页访问|4|002000000000_tp|002008000000_tp|002008003000_tp|002008003001_tp|MG
002008003002_tp|消息中心赞首页访问|4|002000000000_tp|002008000000_tp|002008003000_tp|002008003002_tp|MG
002008003003_tp|消息中心评论首页访问|4|002000000000_tp|002008000000_tp|002008003000_tp|002008003003_tp|MG
002008003004_tp|消息中心订单消息首页访问|4|002000000000_tp|002008000000_tp|002008003000_tp|002008003004_tp|MG
002008003005_tp|消息中心活动消息首页访问|4|002000000000_tp|002008000000_tp|002008003000_tp|002008003005_tp|MG
002008003006_tp|消息中心系统消息首页访问|4|002000000000_tp|002008000000_tp|002008003000_tp|002008003006_tp|MG
002009000000_tp|其他社区行为|2|002000000000_tp|002009000000_tp|||MG
002009001000_tp|社区积分变动|3|002000000000_tp|002009000000_tp|002009001000_tp||MG
002009001001_tp|其他获取积分|4|002000000000_tp|002009000000_tp|002009001000_tp|002009001001_tp|MG
002009001003_tp|签到获取积分|4|002000000000_tp|002009000000_tp|002009001000_tp|002009001003_tp|MG
002009001004_tp|完善个人资料获取积分|4|002000000000_tp|002009000000_tp|002009001000_tp|002009001004_tp|MG
002009001002_tp|消除积分|4|002000000000_tp|002009000000_tp|002009001000_tp|002009001002_tp|MG
002009002000_tp|商城使用行为|3|002000000000_tp|002009000000_tp|002009002000_tp||MG
002009002001_tp|商城平台点击|4|002000000000_tp|002009000000_tp|002009002000_tp|002009002001_tp|MG
002009002002_tp|配件商城点击|4|002000000000_tp|002009000000_tp|002009002000_tp|002009002002_tp|MG
002009002003_tp|积分商城首页点击|4|002000000000_tp|002009000000_tp|002009002000_tp|002009002003_tp|MG
002009002004_tp|积分商城商品列表区点击|4|002000000000_tp|002009000000_tp|002009002000_tp|002009002004_tp|MG
002009002005_tp|积分商城商品详情分享成功|4|002000000000_tp|002009000000_tp|002009002000_tp|002009002005_tp|MG
002009002006_tp|商城下单|4|002000000000_tp|002009000000_tp|002009002000_tp|002009002006_tp|MG
002009003000_tp|福利访问|3|002000000000_tp|002009000000_tp|002009003000_tp||MG
002009003001_tp|福利访问点击|4|002000000000_tp|002009000000_tp|002009003000_tp|002009003001_tp|MG
002009003002_tp|每日福利首页浏览|4|002000000000_tp|002009000000_tp|002009003000_tp|002009003002_tp|MG
002009003003_tp|积分明细首页浏览|4|002000000000_tp|002009000000_tp|002009003000_tp|002009003003_tp|MG
002009003004_tp|积分明细-即将过期积分页浏览|4|002000000000_tp|002009000000_tp|002009003000_tp|002009003004_tp|MG
002009003005_tp|积分明细-积分指南页浏览|4|002000000000_tp|002009000000_tp|002009003000_tp|002009003005_tp|MG
002009004000_tp|服务访问|3|002000000000_tp|002009000000_tp|002009004000_tp||MG
002009004001_tp|服务首页访问|4|002000000000_tp|002009000000_tp|002009004000_tp|002009004001_tp|MG
002009004002_tp|权益包领取页访问|4|002000000000_tp|002009000000_tp|002009004000_tp|002009004002_tp|MG
002009004003_tp|优选网点首页访问|4|002000000000_tp|002009000000_tp|002009004000_tp|002009004003_tp|MG
002009004004_tp|流量服务首页访问|4|002000000000_tp|002009000000_tp|002009004000_tp|002009004004_tp|MG
002009004005_tp|滴滴代驾首页访问|4|002000000000_tp|002009000000_tp|002009004000_tp|002009004005_tp|MG
002009004006_tp|救援服务首页访问|4|002000000000_tp|002009000000_tp|002009004000_tp|002009004006_tp|MG
002009004007_tp|充电服务首页访问|4|002000000000_tp|002009000000_tp|002009004000_tp|002009004007_tp|MG
002010000000_tp|了解金融产品|2|002000000000_tp|002010000000_tp|||MG
002010001000_tp|APP金融产品介绍页点击|3|002000000000_tp|002010000000_tp|002010001000_tp||MG
002011000000_tp|外呼或短信|2|002000000000_tp|002011000000_tp|||MG
002011001000_tp|SIS外呼接通|3|002000000000_tp|002011000000_tp|002011001000_tp||MG
002011001001_tp|SIS接通时长(0,10s)|4|002000000000_tp|002011000000_tp|002011001000_tp|002011001001_tp|MG
002011001002_tp|SIS接通时长[10s,30s)|4|002000000000_tp|002011000000_tp|002011001000_tp|002011001002_tp|MG
002011001003_tp|SIS接通时长[30s,60s)|4|002000000000_tp|002011000000_tp|002011001000_tp|002011001003_tp|MG
002011001004_tp|SIS接通时长>=60s|4|002000000000_tp|002011000000_tp|002011001000_tp|002011001004_tp|MG
002011002000_tp|SIS外呼未接通|3|002000000000_tp|002011000000_tp|002011002000_tp||MG
002011003000_tp|AI外呼接通|3|002000000000_tp|002011000000_tp|002011003000_tp||MG
002011003001_tp|AI外呼接通时长(0,10s)|4|002000000000_tp|002011000000_tp|002011003000_tp|002011003001_tp|MG
002011003002_tp|AI外呼接通时长[10s,30s)|4|002000000000_tp|002011000000_tp|002011003000_tp|002011003002_tp|MG
002011003003_tp|AI外呼接通时长[30s,60s)|4|002000000000_tp|002011000000_tp|002011003000_tp|002011003003_tp|MG
002011003004_tp|AI外呼接通时长>=60s|4|002000000000_tp|002011000000_tp|002011003000_tp|002011003004_tp|MG
002011004000_tp|AI外呼未接通|3|002000000000_tp|002011000000_tp|002011004000_tp||MG
002011005000_tp|收到短信|3|002000000000_tp|002011000000_tp|002011005000_tp||MG
002011005001_tp|收到短信活动主题|4|002000000000_tp|002011000000_tp|002011005000_tp|002011005001_tp|MG
002011005002_tp|收到短信服务主题|4|002000000000_tp|002011000000_tp|002011005000_tp|002011005002_tp|MG
002011005003_tp|收到短信潜客主题|4|002000000000_tp|002011000000_tp|002011005000_tp|002011005003_tp|MG
002011005004_tp|收到短信推介主题|4|002000000000_tp|002011000000_tp|002011005000_tp|002011005004_tp|MG
002011005005_tp|收到短信挽回主题|4|002000000000_tp|002011000000_tp|002011005000_tp|002011005005_tp|MG
002011005006_tp|收到短信增换购主题|4|002000000000_tp|002011000000_tp|002011005000_tp|002011005006_tp|MG
002011005007_tp|收到短信其他主题|4|002000000000_tp|002011000000_tp|002011005000_tp|002011005007_tp|MG
002011005008_tp|收到短信调研主题|4|002000000000_tp|002011000000_tp|002011005000_tp|002011005008_tp|MG
002011005009_tp|收到短信保客主题|4|002000000000_tp|002011000000_tp|002011005000_tp|002011005009_tp|MG
002011005010_tp|收到短信促活主题|4|002000000000_tp|002011000000_tp|002011005000_tp|002011005010_tp|MG
002011006000_tp|点击短信短链|3|002000000000_tp|002011000000_tp|002011006000_tp||MG
002011006001_tp|点击短信活动主题|4|002000000000_tp|002011000000_tp|002011006000_tp|002011006001_tp|MG
002011006002_tp|点击短信服务主题|4|002000000000_tp|002011000000_tp|002011006000_tp|002011006002_tp|MG
002011006003_tp|点击短信潜客主题|4|002000000000_tp|002011000000_tp|002011006000_tp|002011006003_tp|MG
002011006004_tp|点击短信推介主题|4|002000000000_tp|002011000000_tp|002011006000_tp|002011006004_tp|MG
002011006005_tp|点击短信挽回主题|4|002000000000_tp|002011000000_tp|002011006000_tp|002011006005_tp|MG
002011006006_tp|点击短信增换购主题|4|002000000000_tp|002011000000_tp|002011006000_tp|002011006006_tp|MG
002011006007_tp|点击短信其他主题|4|002000000000_tp|002011000000_tp|002011006000_tp|002011006007_tp|MG
002011006008_tp|点击短信调研主题|4|002000000000_tp|002011000000_tp|002011006000_tp|002011006008_tp|MG
002011006009_tp|点击短信保客主题|4|002000000000_tp|002011000000_tp|002011006000_tp|002011006009_tp|MG
002011006010_tp|点击短信促活主题|4|002000000000_tp|002011000000_tp|002011006000_tp|002011006010_tp|MG
003000000000_tp|线上展厅访问|1|003000000000_tp||||MG
003001000000_tp|APP展厅访问|2|003000000000_tp|003001000000_tp|||MG
003001001000_tp|展厅首页_图片滑动|3|003000000000_tp|003001000000_tp|003001001000_tp||MG
003001002000_tp|展厅列表页按钮点击|3|003000000000_tp|003001000000_tp|003001002000_tp||MG
003001003000_tp|展厅首页核心按钮点击|3|003000000000_tp|003001000000_tp|003001003000_tp||MG
003001003001_tp|展厅首页 - 试乘试驾|4|003000000000_tp|003001000000_tp|003001003000_tp|003001003001_tp|MG
003001003002_tp|展厅首页 - 虚拟体验|4|003000000000_tp|003001000000_tp|003001003000_tp|003001003002_tp|MG
003001003003_tp|展厅首页 - 订购爱车|4|003000000000_tp|003001000000_tp|003001003000_tp|003001003003_tp|MG
003001003004_tp|展厅首页 - 客服|4|003000000000_tp|003001000000_tp|003001003000_tp|003001003004_tp|MG
003001003005_tp|展厅首页 - 宣传图区|4|003000000000_tp|003001000000_tp|003001003000_tp|003001003005_tp|MG
003001003006_tp|展厅首页 - 优选网点-一键导航|4|003000000000_tp|003001000000_tp|003001003000_tp|003001003006_tp|MG
003001003007_tp|展厅首页 - 优选网点-预约试驾|4|003000000000_tp|003001000000_tp|003001003000_tp|003001003007_tp|MG
003001003008_tp|展厅首页 - 优选网点-查看更多|4|003000000000_tp|003001000000_tp|003001003000_tp|003001003008_tp|MG
003001003009_tp|展厅首页 - 优选网点-电话|4|003000000000_tp|003001000000_tp|003001003000_tp|003001003009_tp|MG
003001003010_tp|展厅首页 - 金融服务|4|003000000000_tp|003001000000_tp|003001003000_tp|003001003010_tp|MG
003001003011_tp|展厅首页 - 订购入口|4|003000000000_tp|003001000000_tp|003001003000_tp|003001003011_tp|MG
003001003012_tp|展厅首页 - 最近活动|4|003000000000_tp|003001000000_tp|003001003000_tp|003001003012_tp|MG
003001003013_tp|展厅首页 - 车型文字区|4|003000000000_tp|003001000000_tp|003001003000_tp|003001003013_tp|MG
003001003014_tp|展厅首页 - 车体图区|4|003000000000_tp|003001000000_tp|003001003000_tp|003001003014_tp|MG
003001003015_tp|展厅首页 - 视频播放|4|003000000000_tp|003001000000_tp|003001003000_tp|003001003015_tp|MG
003001004000_tp|展厅首页点击|3|003000000000_tp|003001000000_tp|003001004000_tp||MG
003001005000_tp|车型介绍页点击|3|003000000000_tp|003001000000_tp|003001005000_tp||MG
003001005001_tp|点击全新MG5|4|003000000000_tp|003001000000_tp|003001005000_tp|003001005001_tp|MG
003001005002_tp|点击MG领航|4|003000000000_tp|003001000000_tp|003001005000_tp|003001005002_tp|MG
003001005003_tp|点击MG领航PHEV|4|003000000000_tp|003001000000_tp|003001005000_tp|003001005003_tp|MG
003001005004_tp|点击MGHS|4|003000000000_tp|003001000000_tp|003001005000_tp|003001005004_tp|MG
003001005005_tp|点击MGZS纯电动|4|003000000000_tp|003001000000_tp|003001005000_tp|003001005005_tp|MG
003001005006_tp|点击eMGHS|4|003000000000_tp|003001000000_tp|003001005000_tp|003001005006_tp|MG
003001005007_tp|点击MG6 Xpower|4|003000000000_tp|003001000000_tp|003001005000_tp|003001005007_tp|MG
003001005008_tp|点击MG3|4|003000000000_tp|003001000000_tp|003001005000_tp|003001005008_tp|MG
003001005009_tp|点击MG6|4|003000000000_tp|003001000000_tp|003001005000_tp|003001005009_tp|MG
003001006000_tp|车型列表页点击|3|003000000000_tp|003001000000_tp|003001006000_tp||MG
003001007000_tp|试驾首页点击|3|003000000000_tp|003001000000_tp|003001007000_tp||MG
003001008000_tp|配置详情页点击|3|003000000000_tp|003001000000_tp|003001008000_tp||MG
003001009000_tp|虚拟车控首页点击|3|003000000000_tp|003001000000_tp|003001009000_tp||MG
003001010000_tp|整车商城订购首页点击|3|003000000000_tp|003001000000_tp|003001010000_tp||MG
003001011000_tp|整车商城支付页点击|3|003000000000_tp|003001000000_tp|003001011000_tp||MG
003002000000_tp|小程序展厅访问|2|003000000000_tp|003002000000_tp|||MG
003002001000_tp|展厅首页访问|3|003000000000_tp|003002000000_tp|003002001000_tp||MG
003002002000_tp|展厅车辆详情访问|3|003000000000_tp|003002000000_tp|003002002000_tp||MG
003002002001_tp|访问第三代MG6详情|4|003000000000_tp|003002000000_tp|003002002000_tp|003002002001_tp|MG
003002002002_tp|访问全新一代MG ZS详情|4|003000000000_tp|003002000000_tp|003002002000_tp|003002002002_tp|MG
003002002003_tp|访问MG eHS详情|4|003000000000_tp|003002000000_tp|003002002000_tp|003002002003_tp|MG
003002002004_tp|访问第三代MG6 PHEV详情|4|003000000000_tp|003002000000_tp|003002002000_tp|003002002004_tp|MG
003002002005_tp|访问纯电动MG EZS详情|4|003000000000_tp|003002000000_tp|003002002000_tp|003002002005_tp|MG
003002002006_tp|访问MG HS详情|4|003000000000_tp|003002000000_tp|003002002000_tp|003002002006_tp|MG
003002002007_tp|访问MG eHS详情|4|003000000000_tp|003002000000_tp|003002002000_tp|003002002007_tp|MG
004000000000_tp|意向|1|004000000000_tp||||MG
005000000000_tp|建卡|1|005000000000_tp||||MG
006000000000_tp|线下到店|1|006000000000_tp||||MG
007000000000_tp|试乘试驾|1|007000000000_tp||||MG
007001000000_tp|预约试驾|2|007000000000_tp|007001000000_tp|||MG
007001001000_tp|APP预约试乘试驾|3|007000000000_tp|007001000000_tp|007001001000_tp||MG
007001001001_tp|预约试驾成功|4|007000000000_tp|007001000000_tp|007001001000_tp|007001001001_tp|MG
007001002000_tp|小程序预约试乘试驾|3|007000000000_tp|007001000000_tp|007001002000_tp||MG
007001002001_tp|预约试乘试驾成功|4|007000000000_tp|007001000000_tp|007001002000_tp|007001002001_tp|MG
007001003000_tp|官网预约试乘试驾|3|007000000000_tp|007001000000_tp|007001003000_tp||MG
007001003001_tp|名爵PC官网试乘试驾页-提交预约|4|007000000000_tp|007001000000_tp|007001003000_tp|007001003001_tp|MG
007001003002_tp|名爵PC官网HS车系页底部-提交预约试驾|4|007000000000_tp|007001000000_tp|007001003000_tp|007001003002_tp|MG
007001003003_tp|名爵PC官网eHS车系页底部-提交预约试驾|4|007000000000_tp|007001000000_tp|007001003000_tp|007001003003_tp|MG
007001003004_tp|名爵PC官网newZS车系页底部-提交预约试驾|4|007000000000_tp|007001000000_tp|007001003000_tp|007001003004_tp|MG
007001003005_tp|名爵PC官网ZS车系页底部-提交预约试驾|4|007000000000_tp|007001000000_tp|007001003000_tp|007001003005_tp|MG
007001003006_tp|名爵PC官网EZS车系页底部-提交预约试驾|4|007000000000_tp|007001000000_tp|007001003000_tp|007001003006_tp|MG
007001003007_tp|名爵PC官网620T车系页底部-提交预约试驾|4|007000000000_tp|007001000000_tp|007001003000_tp|007001003007_tp|MG
007001003008_tp|名爵PC官网650T车系页底部-提交预约试驾|4|007000000000_tp|007001000000_tp|007001003000_tp|007001003008_tp|MG
007001003009_tp|名爵PC官网GS车系页底部-提交预约试驾|4|007000000000_tp|007001000000_tp|007001003000_tp|007001003009_tp|MG
007001003010_tp|名爵WAP官网试乘试驾页-提交预约|4|007000000000_tp|007001000000_tp|007001003000_tp|007001003010_tp|MG
007001003011_tp|名爵WAP官网HS车系页底部-提交预约试驾|4|007000000000_tp|007001000000_tp|007001003000_tp|007001003011_tp|MG
007001003012_tp|名爵WAP官网eHS车系页底部-提交预约试驾|4|007000000000_tp|007001000000_tp|007001003000_tp|007001003012_tp|MG
007001003013_tp|名爵WAP官网newZS车系页底部-提交预约试驾|4|007000000000_tp|007001000000_tp|007001003000_tp|007001003013_tp|MG
007001003014_tp|名爵WAP官网ZS车系页底部-提交预约试驾|4|007000000000_tp|007001000000_tp|007001003000_tp|007001003014_tp|MG
007001003015_tp|名爵WAP官网EZS车系页底部-提交预约试驾|4|007000000000_tp|007001000000_tp|007001003000_tp|007001003015_tp|MG
007001003016_tp|名爵WAP官网620T车系页底部-提交预约试驾|4|007000000000_tp|007001000000_tp|007001003000_tp|007001003016_tp|MG
007001003017_tp|名爵WAP官网650T车系页底部-提交预约试驾|4|007000000000_tp|007001000000_tp|007001003000_tp|007001003017_tp|MG
007001003018_tp|名爵WAP官网GS车系页底部-提交预约试驾|4|007000000000_tp|007001000000_tp|007001003000_tp|007001003018_tp|MG
007002000000_tp|预约确认|2|007000000000_tp|007002000000_tp|||MG
007002001000_tp|预约试乘确认|3|007000000000_tp|007002000000_tp|007002001000_tp||MG
007002002000_tp|预约试驾确认|3|007000000000_tp|007002000000_tp|007002002000_tp||MG
007003000000_tp|完成试乘试驾|2|007000000000_tp|007003000000_tp|||MG
007004000000_tp|评价试乘试驾|2|007000000000_tp|007004000000_tp|||MG
007005000000_tp|取消试乘试驾|2|007000000000_tp|007005000000_tp|||MG
008000000000_tp|活动参与|1|008000000000_tp||||MG
008001000000_tp|线下活动参与|2|008000000000_tp|008001000000_tp|||MG
008001001000_tp|团购促销类|3|008000000000_tp|008001000000_tp|008001001000_tp||MG
008001001001_tp|封闭式大型团购会|4|008000000000_tp|008001000000_tp|008001001000_tp|008001001001_tp|MG
008001001002_tp|区域团购会|4|008000000000_tp|008001000000_tp|008001001000_tp|008001001002_tp|MG
008001001003_tp|二网团购|4|008000000000_tp|008001000000_tp|008001001000_tp|008001001003_tp|MG
008001002000_tp|外展类|3|008000000000_tp|008001000000_tp|008001002000_tp||MG
008001002001_tp|带车外展|4|008000000000_tp|008001000000_tp|008001002000_tp|008001002001_tp|MG
008001002002_tp|商圈|4|008000000000_tp|008001000000_tp|008001002000_tp|008001002002_tp|MG
008001002003_tp|中、小型商超定展（室内）|4|008000000000_tp|008001000000_tp|008001002000_tp|008001002003_tp|MG
008001002004_tp|中、小型商超定展（室外）|4|008000000000_tp|008001000000_tp|008001002000_tp|008001002004_tp|MG
008001003000_tp|客户关爱活动|3|008000000000_tp|008001000000_tp|008001003000_tp||MG
008001003001_tp|客户关爱活动（答谢会，爱车讲堂，观影活动等）|4|008000000000_tp|008001000000_tp|008001003000_tp|008001003001_tp|MG
008001003002_tp|区域自驾游|4|008000000000_tp|008001000000_tp|008001003000_tp|008001003002_tp|MG
008001003003_tp|区域自驾游、节油赛（时间证明：隔日活动可附房费增值税发票，当日活动仍使用当日报纸或彩票）|4|008000000000_tp|008001000000_tp|008001003000_tp|008001003003_tp|MG
008001004000_tp|展厅活动类|3|008000000000_tp|008001000000_tp|008001004000_tp||MG
008001004001_tp|展厅中、小型活动|4|008000000000_tp|008001000000_tp|008001004000_tp|008001004001_tp|MG
008001004002_tp|店头活动|4|008000000000_tp|008001000000_tp|008001004000_tp|008001004002_tp|MG
008001004003_tp|展厅大型活动|4|008000000000_tp|008001000000_tp|008001004000_tp|008001004003_tp|MG
008001005000_tp|异业合作类|3|008000000000_tp|008001000000_tp|008001005000_tp||MG
008001005001_tp|异业合作|4|008000000000_tp|008001000000_tp|008001005000_tp|008001005001_tp|MG
008001006000_tp|新车上市类|3|008000000000_tp|008001000000_tp|008001006000_tp||MG
008001006001_tp|新车上市|4|008000000000_tp|008001000000_tp|008001006000_tp|008001006001_tp|MG
008001006002_tp|媒体新车上市会（商超）|4|008000000000_tp|008001000000_tp|008001006000_tp|008001006002_tp|MG
008001006003_tp|媒体新车上市会（封闭）|4|008000000000_tp|008001000000_tp|008001006000_tp|008001006003_tp|MG
008001007000_tp|线下广告集客类|3|008000000000_tp|008001000000_tp|008001007000_tp||MG
008001007001_tp|低成本集客|4|008000000000_tp|008001000000_tp|008001007000_tp|008001007001_tp|MG
008001007002_tp|户外|4|008000000000_tp|008001000000_tp|008001007000_tp|008001007002_tp|MG
008001007003_tp|平面|4|008000000000_tp|008001000000_tp|008001007000_tp|008001007003_tp|MG
008001007004_tp|墙体广告|4|008000000000_tp|008001000000_tp|008001007000_tp|008001007004_tp|MG
008001007005_tp|影院投放|4|008000000000_tp|008001000000_tp|008001007000_tp|008001007005_tp|MG
008001007006_tp|楼宇广告|4|008000000000_tp|008001000000_tp|008001007000_tp|008001007006_tp|MG
008001008000_tp|试驾会|3|008000000000_tp|008001000000_tp|008001008000_tp||MG
008001008001_tp|试乘试驾|4|008000000000_tp|008001000000_tp|008001008000_tp|008001008001_tp|MG
008001008002_tp|大型试乘试驾会活动|4|008000000000_tp|008001000000_tp|008001008000_tp|008001008002_tp|MG
008001009000_tp|车展类|3|008000000000_tp|008001000000_tp|008001009000_tp||MG
008001009001_tp|D级车展、多品牌联展|4|008000000000_tp|008001000000_tp|008001009000_tp|008001009001_tp|MG
008001009002_tp|车展|4|008000000000_tp|008001000000_tp|008001009000_tp|008001009002_tp|MG
008001009003_tp|C级车展|4|008000000000_tp|008001000000_tp|008001009000_tp|008001009003_tp|MG
008001009004_tp|A、B级车展|4|008000000000_tp|008001000000_tp|008001009000_tp|008001009004_tp|MG
008001010000_tp|线下其他活动|3|008000000000_tp|008001000000_tp|008001010000_tp||MG
008001010001_tp|线下活动其他类|4|008000000000_tp|008001000000_tp|008001010000_tp|008001010001_tp|MG
008001010002_tp|SCRM活动签到|4|008000000000_tp|008001000000_tp|008001010000_tp|008001010002_tp|MG
008002000000_tp|线上活动参与|2|008000000000_tp|008002000000_tp|||MG
008002001000_tp|活动直播|3|008000000000_tp|008002000000_tp|008002001000_tp||MG
008002001001_tp|线上直播|4|008000000000_tp|008002000000_tp|008002001000_tp|008002001001_tp|MG
008002001002_tp|直播及短视频活动|4|008000000000_tp|008002000000_tp|008002001000_tp|008002001002_tp|MG
008002002000_tp|APP直播|3|008000000000_tp|008002000000_tp|008002002000_tp||MG
008002002001_tp|直播列表页点击|4|008000000000_tp|008002000000_tp|008002002000_tp|008002002001_tp|MG
008002002002_tp|直播列表页筛选|4|008000000000_tp|008002000000_tp|008002002000_tp|008002002002_tp|MG
008002002003_tp|APP直播详情页点击|4|008000000000_tp|008002000000_tp|008002002000_tp|008002002003_tp|MG
008002002004_tp|直播详情页点击领券|4|008000000000_tp|008002000000_tp|008002002000_tp|008002002004_tp|MG
008002002005_tp|直播详情页点击评论|4|008000000000_tp|008002000000_tp|008002002000_tp|008002002005_tp|MG
008002002006_tp|直播详情页点击点赞|4|008000000000_tp|008002000000_tp|008002002000_tp|008002002006_tp|MG
008002002007_tp|直播详情页点击转发|4|008000000000_tp|008002000000_tp|008002002000_tp|008002002007_tp|MG
008002002008_tp|直播详情页点击打赏|4|008000000000_tp|008002000000_tp|008002002000_tp|008002002008_tp|MG
008002003000_tp|APP推荐注册活动参与|3|008000000000_tp|008002000000_tp|008002003000_tp||MG
008002003001_tp|访问推荐注册活动|4|008000000000_tp|008002000000_tp|008002003000_tp|008002003001_tp|MG
008002003002_tp|分享推荐注册活动|4|008000000000_tp|008002000000_tp|008002003000_tp|008002003002_tp|MG
008002003003_tp|填写推荐注册活动页信息|4|008000000000_tp|008002000000_tp|008002003000_tp|008002003003_tp|MG
008002004000_tp|APP邀请有礼|3|008000000000_tp|008002000000_tp|008002004000_tp||MG
008002004001_tp|邀请注册|4|008000000000_tp|008002000000_tp|008002004000_tp|008002004001_tp|MG
008002004002_tp|邀请试驾|4|008000000000_tp|008002000000_tp|008002004000_tp|008002004002_tp|MG
008002004003_tp|邀请购车|4|008000000000_tp|008002000000_tp|008002004000_tp|008002004003_tp|MG
008002005000_tp|APP游戏参与|3|008000000000_tp|008002000000_tp|008002005000_tp||MG
008002005001_tp|游戏点击|4|008000000000_tp|008002000000_tp|008002005000_tp|008002005001_tp|MG
008002006000_tp|APP活动参与|3|008000000000_tp|008002000000_tp|008002006000_tp||MG
008002006001_tp|社交裂变类参与|4|008000000000_tp|008002000000_tp|008002006000_tp|008002006001_tp|MG
008002006002_tp|发起答题活动|4|008000000000_tp|008002000000_tp|008002006000_tp|008002006002_tp|MG
008002006003_tp|参与答题活动|4|008000000000_tp|008002000000_tp|008002006000_tp|008002006003_tp|MG
008002006004_tp|社区活动类参与|4|008000000000_tp|008002000000_tp|008002006000_tp|008002006004_tp|MG
008002006005_tp|APP其他活动参与|4|008000000000_tp|008002000000_tp|008002006000_tp|008002006005_tp|MG
008002007000_tp|线上其他活动|3|008000000000_tp|008002000000_tp|008002007000_tp||MG
008002007001_tp|网络|4|008000000000_tp|008002000000_tp|008002007000_tp|008002007001_tp|MG
008002007002_tp|电台|4|008000000000_tp|008002000000_tp|008002007000_tp|008002007002_tp|MG
008002007003_tp|微信营销（朋友圈联动、加好友比赛等）|4|008000000000_tp|008002000000_tp|008002007000_tp|008002007003_tp|MG
008002007004_tp|APP投放|4|008000000000_tp|008002000000_tp|008002007000_tp|008002007004_tp|MG
008002007005_tp|线上活动其他类|4|008000000000_tp|008002000000_tp|008002007000_tp|008002007005_tp|MG
008002007006_tp|电视|4|008000000000_tp|008002000000_tp|008002007000_tp|008002007006_tp|MG
008003000000_tp|其他活动参与|2|008000000000_tp|008003000000_tp|||MG
009000000000_tp|销售代表跟进培育|1|009000000000_tp||||MG
009001000000_tp|添加销售代表企业微信|2|009000000000_tp|009001000000_tp|||MG
009002000000_tp|销售代表跟进|2|009000000000_tp|009002000000_tp|||MG
009002001000_tp|销售代表跟进邀约|3|009000000000_tp|009002000000_tp|009002001000_tp||MG
009002002000_tp|销售代表跟进电话|3|009000000000_tp|009002000000_tp|009002002000_tp||MG
009002003000_tp|销售代表跟进展厅接待|3|009000000000_tp|009002000000_tp|009002003000_tp||MG
009002004000_tp|销售代表跟进进入展厅|3|009000000000_tp|009002000000_tp|009002004000_tp||MG
009002005000_tp|销售代表跟进短信|3|009000000000_tp|009002000000_tp|009002005000_tp||MG
009002006000_tp|销售代表跟进参加外展|3|009000000000_tp|009002000000_tp|009002006000_tp||MG
009002007000_tp|销售代表跟进其他|3|009000000000_tp|009002000000_tp|009002007000_tp||MG
009002008000_tp|销售代表跟进微信|3|009000000000_tp|009002000000_tp|009002008000_tp||MG
009002009000_tp|销售代表跟进客户来电|3|009000000000_tp|009002000000_tp|009002009000_tp||MG
009002010000_tp|销售代表跟进上门拜访|3|009000000000_tp|009002000000_tp|009002010000_tp||MG
009002011000_tp|销售代表跟进市场活动|3|009000000000_tp|009002000000_tp|009002011000_tp||MG
009002012000_tp|销售代表跟进电子邮件|3|009000000000_tp|009002000000_tp|009002012000_tp||MG
009004000000_tp|销售代表内容互动|2|009000000000_tp|009004000000_tp|||MG
009004001000_tp|浏览SCRM文案|3|009000000000_tp|009004000000_tp|009004001000_tp||MG
009004001001_tp|浏览客户分享上报|4|009000000000_tp|009004000000_tp|009004001000_tp|009004001001_tp|MG
009004001002_tp|浏览外链|4|009000000000_tp|009004000000_tp|009004001000_tp|009004001002_tp|MG
009004001003_tp|浏览图片|4|009000000000_tp|009004000000_tp|009004001000_tp|009004001003_tp|MG
009004001004_tp|浏览资讯|4|009000000000_tp|009004000000_tp|009004001000_tp|009004001004_tp|MG
009004001005_tp|浏览H5文案|4|009000000000_tp|009004000000_tp|009004001000_tp|009004001005_tp|MG
009004001006_tp|浏览视频|4|009000000000_tp|009004000000_tp|009004001000_tp|009004001006_tp|MG
009004002000_tp|分享SCRM文案|3|009000000000_tp|009004000000_tp|009004002000_tp||MG
009004002001_tp|分享客户分享上报|4|009000000000_tp|009004000000_tp|009004002000_tp|009004002001_tp|MG
009004002002_tp|分享外链|4|009000000000_tp|009004000000_tp|009004002000_tp|009004002002_tp|MG
009004002003_tp|分享图片|4|009000000000_tp|009004000000_tp|009004002000_tp|009004002003_tp|MG
009004002004_tp|分享资讯|4|009000000000_tp|009004000000_tp|009004002000_tp|009004002004_tp|MG
009004002005_tp|分享H5文案|4|009000000000_tp|009004000000_tp|009004002000_tp|009004002005_tp|MG
009004002006_tp|分享视频|4|009000000000_tp|009004000000_tp|009004002000_tp|009004002006_tp|MG
009003000000_tp|DLM外呼|2|009000000000_tp|009003000000_tp|||MG
009003001000_tp|DLM呼入接通|3|009000000000_tp|009003000000_tp|009003001000_tp||MG
009003001001_tp|DLM呼入接通时长(0,10s)|4|009000000000_tp|009003000000_tp|009003001000_tp|009003001001_tp|MG
009003001002_tp|DLM呼入接通时长[10s,30s)|4|009000000000_tp|009003000000_tp|009003001000_tp|009003001002_tp|MG
009003001003_tp|DLM呼入接通时长[30s,60s)|4|009000000000_tp|009003000000_tp|009003001000_tp|009003001003_tp|MG
009003001004_tp|DLM呼入接通时长>=60s|4|009000000000_tp|009003000000_tp|009003001000_tp|009003001004_tp|MG
009003002000_tp|DLM呼入未接通|3|009000000000_tp|009003000000_tp|009003002000_tp||MG
009003003000_tp|DLM呼出接通|3|009000000000_tp|009003000000_tp|009003003000_tp||MG
009003003001_tp|DLM呼出接通时长(0,10s)|4|009000000000_tp|009003000000_tp|009003003000_tp|009003003001_tp|MG
009003003002_tp|DLM呼出接通时长[10s, 30s)|4|009000000000_tp|009003000000_tp|009003003000_tp|009003003002_tp|MG
009003003003_tp|DLM呼出接通时长[30s,60s)|4|009000000000_tp|009003000000_tp|009003003000_tp|009003003003_tp|MG
009003003004_tp|DLM呼出接通时长>=60s|4|009000000000_tp|009003000000_tp|009003003000_tp|009003003004_tp|MG
009003004000_tp|DLM呼出未接通|3|009000000000_tp|009003000000_tp|009003004000_tp||MG
010000000000_tp|下订信号|1|010000000000_tp||||MG
010001000000_tp|小订|2|010000000000_tp|010001000000_tp|||MG
010002000000_tp|盲订|2|010000000000_tp|010002000000_tp|||MG
011000000000_tp|大订/交车|1|011000000000_tp||||MG
011001000000_tp|大订|2|011000000000_tp|011001000000_tp|||MG
011002000000_tp|交车|2|011000000000_tp|011002000000_tp|||MG
012000000000_tp|保客|1|012000000000_tp||||MG
012001000000_tp|保客活动|2|012000000000_tp|012001000000_tp|||MG
013000000000_tp|流失信号|1|013000000000_tp||||MG
013001000000_tp|取消订阅社交账号|2|013000000000_tp|013001000000_tp|||MG
013002000000_tp|小程序退款|2|013000000000_tp|013002000000_tp|||MG
013002001000_tp|申请退款|3|013000000000_tp|013002000000_tp|013002001000_tp||MG
013002002000_tp|退款成功|3|013000000000_tp|013002000000_tp|013002002000_tp||MG
014000000000_tp|意向战败|1|014000000000_tp||||MG
014001000000_tp|意向战败分配至其他跟进人员|2|014000000000_tp|014001000000_tp|||MG
014002000000_tp|驳回战败申请|2|014000000000_tp|014002000000_tp|||MG
014003000000_tp|同意战败申请|2|014000000000_tp|014003000000_tp|||MG
014004000000_tp|完全战败|2|014000000000_tp|014004000000_tp|||MG
015000000000_tp|战败唤醒|1|015000000000_tp||||MG
016000000000_tp|服务使用|1|016000000000_tp||||MG
016001000000_tp|APP服务访问|2|016000000000_tp|016001000000_tp|||MG
016001001000_tp|服务首页访问及点击|3|016000000000_tp|016001000000_tp|016001001000_tp||MG
016002000000_tp|APP服务申请|2|016000000000_tp|016002000000_tp|||MG
016002001000_tp|申请取送车（一般发生在维保）|3|016000000000_tp|016002000000_tp|016002001000_tp||MG
016003000000_tp|APP二手车服务使用|2|016000000000_tp|016003000000_tp|||MG
016003001000_tp|二手车服务访问|3|016000000000_tp|016003000000_tp|016003001000_tp||MG
016003002000_tp|二手车置换提交成功|3|016000000000_tp|016003000000_tp|016003002000_tp||MG
016003003000_tp|二手车经销商查询|3|016000000000_tp|016003000000_tp|016003003000_tp||MG
017000000000_tp|VOC|1|017000000000_tp||||MG
017001000000_tp|调查外呼|2|017000000000_tp|017001000000_tp|||MG
017002000000_tp|回访外呼|2|017000000000_tp|017002000000_tp|||MG
018000000000_tp|维保|1|018000000000_tp||||MG
018001000000_tp|保养类|2|018000000000_tp|018001000000_tp|||MG
018001001000_tp|保养类免费保养|3|018000000000_tp|018001000000_tp|018001001000_tp||MG
018001002000_tp|保养类保养|3|018000000000_tp|018001000000_tp|018001002000_tp||MG
018001003000_tp|保养类检查|3|018000000000_tp|018001000000_tp|018001003000_tp||MG
018002000000_tp|维修类|2|018000000000_tp|018002000000_tp|||MG
018002001000_tp|维修类事故|3|018000000000_tp|018002000000_tp|018002001000_tp||MG
018002002000_tp|维修类保修|3|018000000000_tp|018002000000_tp|018002002000_tp||MG
018002003000_tp|维修类维修|3|018000000000_tp|018002000000_tp|018002003000_tp||MG
018002004000_tp|维修类检修|3|018000000000_tp|018002000000_tp|018002004000_tp||MG
018003000000_tp|其他维保|2|018000000000_tp|018003000000_tp|||MG
018003001000_tp|其他维保其他项|3|018000000000_tp|018003000000_tp|018003001000_tp||MG
019000000000_tp|绑车|1|019000000000_tp||||MG
019001000000_tp|弱绑车|2|019000000000_tp|019001000000_tp|||MG
019002000000_tp|强绑车|2|019000000000_tp|019002000000_tp|||MG
001000000000_rw|留资|1|001000000000_rw||||RW
001003000000_rw|BTL|2|001000000000_rw|001003000000_rw|||RW
001003001000_rw|总部线下|3|001000000000_rw|001003000000_rw|001003001000_rw||RW
001003001001_rw|车展互动活动|4|001000000000_rw|001003000000_rw|001003001000_rw|001003001001_rw|RW
001003001002_rw|A级车展集客|4|001000000000_rw|001003000000_rw|001003001000_rw|001003001002_rw|RW
001003001003_rw|B级车展集客|4|001000000000_rw|001003000000_rw|001003001000_rw|001003001003_rw|RW
001003001004_rw|C级车展集客|4|001000000000_rw|001003000000_rw|001003001000_rw|001003001004_rw|RW
001003001005_rw|A类活动|4|001000000000_rw|001003000000_rw|001003001000_rw|001003001005_rw|RW
001003001006_rw|车展集客-大屏|4|001000000000_rw|001003000000_rw|001003001000_rw|001003001006_rw|RW
001003001007_rw|车展集客-小蜜蜂|4|001000000000_rw|001003000000_rw|001003001000_rw|001003001007_rw|RW
001003001008_rw|车展集客-顾问|4|001000000000_rw|001003000000_rw|001003001000_rw|001003001008_rw|RW
001004000000_rw|媒介|2|001000000000_rw|001004000000_rw|||RW
001004001000_rw|广告|3|001000000000_rw|001004000000_rw|001004001000_rw||RW
001004001001_rw|澎湃投放|4|001000000000_rw|001004000000_rw|001004001000_rw|001004001001_rw|RW
001004001002_rw|一点资讯|4|001000000000_rw|001004000000_rw|001004001000_rw|001004001002_rw|RW
001004001003_rw|悠易互通投放|4|001000000000_rw|001004000000_rw|001004001000_rw|001004001003_rw|RW
001004001004_rw|携程|4|001000000000_rw|001004000000_rw|001004001000_rw|001004001004_rw|RW
001004001005_rw|ZAKER投放|4|001000000000_rw|001004000000_rw|001004001000_rw|001004001005_rw|RW
001004001006_rw|第三方电商渠道|4|001000000000_rw|001004000000_rw|001004001000_rw|001004001006_rw|RW
001004001007_rw|新浪|4|001000000000_rw|001004000000_rw|001004001000_rw|001004001007_rw|RW
001004001008_rw|字节跳动效果通|4|001000000000_rw|001004000000_rw|001004001000_rw|001004001008_rw|RW
001004001009_rw|知乎|4|001000000000_rw|001004000000_rw|001004001000_rw|001004001009_rw|RW
001004001010_rw|快手效果通|4|001000000000_rw|001004000000_rw|001004001000_rw|001004001010_rw|RW
001004001011_rw|搜狐投放|4|001000000000_rw|001004000000_rw|001004001000_rw|001004001011_rw|RW
001004001012_rw|易车广告投放|4|001000000000_rw|001004000000_rw|001004001000_rw|001004001012_rw|RW
001004001013_rw|汽车之家投放|4|001000000000_rw|001004000000_rw|001004001000_rw|001004001013_rw|RW
001004001014_rw|飞猪投放|4|001000000000_rw|001004000000_rw|001004001000_rw|001004001014_rw|RW
001004001015_rw|今日头条|4|001000000000_rw|001004000000_rw|001004001000_rw|001004001015_rw|RW
001004001016_rw|广点通|4|001000000000_rw|001004000000_rw|001004001000_rw|001004001016_rw|RW
001004001017_rw|微信朋友圈|4|001000000000_rw|001004000000_rw|001004001000_rw|001004001017_rw|RW
001004001018_rw|百度广告投放|4|001000000000_rw|001004000000_rw|001004001000_rw|001004001018_rw|RW
001004001019_rw|驾考宝典|4|001000000000_rw|001004000000_rw|001004001000_rw|001004001019_rw|RW
001004001020_rw|太平洋汽车网|4|001000000000_rw|001004000000_rw|001004001000_rw|001004001020_rw|RW
001004001021_rw|懂车帝广告投放|4|001000000000_rw|001004000000_rw|001004001000_rw|001004001021_rw|RW
001004001022_rw|云和点动|4|001000000000_rw|001004000000_rw|001004001000_rw|001004001022_rw|RW
001004001023_rw|易车效益达|4|001000000000_rw|001004000000_rw|001004001000_rw|001004001023_rw|RW
001004001024_rw|爱卡汽车|4|001000000000_rw|001004000000_rw|001004001000_rw|001004001024_rw|RW
001004001025_rw|OTT智能电视|4|001000000000_rw|001004000000_rw|001004001000_rw|001004001025_rw|RW
001004001026_rw|网上车市|4|001000000000_rw|001004000000_rw|001004001000_rw|001004001026_rw|RW
001004001027_rw|抖音|4|001000000000_rw|001004000000_rw|001004001000_rw|001004001027_rw|RW
001004001028_rw|有数儿汽车|4|001000000000_rw|001004000000_rw|001004001000_rw|001004001028_rw|RW
001004001029_rw|网易|4|001000000000_rw|001004000000_rw|001004001000_rw|001004001029_rw|RW
001004001030_rw|效果通|4|001000000000_rw|001004000000_rw|001004001000_rw|001004001030_rw|RW
001004001031_rw|抖音|4|001000000000_rw|001004000000_rw|001004001000_rw|001004001031_rw|RW
001004001032_rw|今日头条|4|001000000000_rw|001004000000_rw|001004001000_rw|001004001032_rw|RW
001004001033_rw|微信朋友圈|4|001000000000_rw|001004000000_rw|001004001000_rw|001004001033_rw|RW
001004001034_rw|懂车帝广告投放|4|001000000000_rw|001004000000_rw|001004001000_rw|001004001034_rw|RW
001004001035_rw|易车广告投放|4|001000000000_rw|001004000000_rw|001004001000_rw|001004001035_rw|RW
001004001036_rw|第三方电商渠道|4|001000000000_rw|001004000000_rw|001004001000_rw|001004001036_rw|RW
001004001037_rw|小红书|4|001000000000_rw|001004000000_rw|001004001000_rw|001004001037_rw|RW
001004001038_rw|新浪|4|001000000000_rw|001004000000_rw|001004001000_rw|001004001038_rw|RW
001004001039_rw|知乎|4|001000000000_rw|001004000000_rw|001004001000_rw|001004001039_rw|RW
001004001040_rw|社交营销(试驾邀请)|4|001000000000_rw|001004000000_rw|001004001000_rw|001004001040_rw|RW
001004001041_rw|腾讯新闻|4|001000000000_rw|001004000000_rw|001004001000_rw|001004001041_rw|RW
001004001042_rw|太平洋汽车网|4|001000000000_rw|001004000000_rw|001004001000_rw|001004001042_rw|RW
001004001043_rw|一点资讯|4|001000000000_rw|001004000000_rw|001004001000_rw|001004001043_rw|RW
001004001044_rw|网易|4|001000000000_rw|001004000000_rw|001004001000_rw|001004001044_rw|RW
001004001045_rw|爱卡汽车|4|001000000000_rw|001004000000_rw|001004001000_rw|001004001045_rw|RW
001004001046_rw|车来了|4|001000000000_rw|001004000000_rw|001004001000_rw|001004001046_rw|RW
001004001047_rw|天眼车|4|001000000000_rw|001004000000_rw|001004001000_rw|001004001047_rw|RW
001004001048_rw|华为|4|001000000000_rw|001004000000_rw|001004001000_rw|001004001048_rw|RW
001004001049_rw|汽车之家投放|4|001000000000_rw|001004000000_rw|001004001000_rw|001004001049_rw|RW
001004001050_rw|新浪财经|4|001000000000_rw|001004000000_rw|001004001000_rw|001004001050_rw|RW
001004001051_rw|广点通|4|001000000000_rw|001004000000_rw|001004001000_rw|001004001051_rw|RW
001004001052_rw|百度广告投放|4|001000000000_rw|001004000000_rw|001004001000_rw|001004001052_rw|RW
001004001053_rw|快手效果通|4|001000000000_rw|001004000000_rw|001004001000_rw|001004001053_rw|RW
001004001054_rw|网上车市|4|001000000000_rw|001004000000_rw|001004001000_rw|001004001054_rw|RW
001004001055_rw|58汽车|4|001000000000_rw|001004000000_rw|001004001000_rw|001004001055_rw|RW
001004001056_rw|车轮|4|001000000000_rw|001004000000_rw|001004001000_rw|001004001056_rw|RW
001004001057_rw|驾考宝典|4|001000000000_rw|001004000000_rw|001004001000_rw|001004001057_rw|RW
001004001058_rw|携程|4|001000000000_rw|001004000000_rw|001004001000_rw|001004001058_rw|RW
001004001059_rw|易车效益达|4|001000000000_rw|001004000000_rw|001004001000_rw|001004001059_rw|RW
001004001060_rw|去哪儿投放|4|001000000000_rw|001004000000_rw|001004001000_rw|001004001060_rw|RW
001004001061_rw|凇银泽|4|001000000000_rw|001004000000_rw|001004001000_rw|001004001061_rw|RW
001004001062_rw|搜狐投放|4|001000000000_rw|001004000000_rw|001004001000_rw|001004001062_rw|RW
001004001063_rw|虎扑投放|4|001000000000_rw|001004000000_rw|001004001000_rw|001004001063_rw|RW
001004001064_rw|云和点动|4|001000000000_rw|001004000000_rw|001004001000_rw|001004001064_rw|RW
001004001065_rw|有数儿汽车|4|001000000000_rw|001004000000_rw|001004001000_rw|001004001065_rw|RW
001004001066_rw|妈妈帮|4|001000000000_rw|001004000000_rw|001004001000_rw|001004001066_rw|RW
001004001067_rw|OTT智能电视|4|001000000000_rw|001004000000_rw|001004001000_rw|001004001067_rw|RW
001004001068_rw|keep投放|4|001000000000_rw|001004000000_rw|001004001000_rw|001004001068_rw|RW
001004001069_rw|团车网|4|001000000000_rw|001004000000_rw|001004001000_rw|001004001069_rw|RW
001004001070_rw|元兵|4|001000000000_rw|001004000000_rw|001004001000_rw|001004001070_rw|RW
001004001071_rw|ZAKER投放|4|001000000000_rw|001004000000_rw|001004001000_rw|001004001071_rw|RW
001004001072_rw|澎湃投放|4|001000000000_rw|001004000000_rw|001004001000_rw|001004001072_rw|RW
001004001073_rw|悠易互通投放|4|001000000000_rw|001004000000_rw|001004001000_rw|001004001073_rw|RW
001004001074_rw|飞猪投放|4|001000000000_rw|001004000000_rw|001004001000_rw|001004001074_rw|RW
001004001075_rw|ONE试乘试驾|4|001000000000_rw|001004000000_rw|001004001000_rw|001004001075_rw|RW
001004002000_rw|线上阵地自然流量|3|001000000000_rw|001004000000_rw|001004002000_rw||RW
001004002001_rw|SIS其他|4|001000000000_rw|001004000000_rw|001004002000_rw|001004002001_rw|RW
001004002002_rw|SIS其它|4|001000000000_rw|001004000000_rw|001004002000_rw|001004002002_rw|RW
001004002003_rw|快手官号|4|001000000000_rw|001004000000_rw|001004002000_rw|001004002003_rw|RW
001004002004_rw|小红书官号|4|001000000000_rw|001004000000_rw|001004002000_rw|001004002004_rw|RW
001004002005_rw|哔哩哔哩官号|4|001000000000_rw|001004000000_rw|001004002000_rw|001004002005_rw|RW
001004002006_rw|小程序|4|001000000000_rw|001004000000_rw|001004002000_rw|001004002006_rw|RW
001004002007_rw|荣威官网试乘试驾|4|001000000000_rw|001004000000_rw|001004002000_rw|001004002007_rw|RW
001004002008_rw|官方APP试乘试驾留资|4|001000000000_rw|001004000000_rw|001004002000_rw|001004002008_rw|RW
001004002009_rw|百度小程序|4|001000000000_rw|001004000000_rw|001004002000_rw|001004002009_rw|RW
001004002010_rw|支付宝小程序|4|001000000000_rw|001004000000_rw|001004002000_rw|001004002010_rw|RW
001004002011_rw|今日头条小程序|4|001000000000_rw|001004000000_rw|001004002000_rw|001004002011_rw|RW
001004002012_rw|抖音小程序|4|001000000000_rw|001004000000_rw|001004002000_rw|001004002012_rw|RW
001004002013_rw|快手小程序|4|001000000000_rw|001004000000_rw|001004002000_rw|001004002013_rw|RW
001004002014_rw|快应用|4|001000000000_rw|001004000000_rw|001004002000_rw|001004002014_rw|RW
001004002015_rw|神兽助威|4|001000000000_rw|001004000000_rw|001004002000_rw|001004002015_rw|RW
001004002016_rw|荣威试乘试驾|4|001000000000_rw|001004000000_rw|001004002000_rw|001004002016_rw|RW
001004002017_rw|试乘试驾|4|001000000000_rw|001004000000_rw|001004002000_rw|001004002017_rw|RW
001005000000_rw|区域营销|2|001000000000_rw|001005000000_rw|||RW
001005001000_rw|垂媒集采|3|001000000000_rw|001005000000_rw|001005001000_rw||RW
001005001001_rw|网站|4|001000000000_rw|001005000000_rw|001005001000_rw|001005001001_rw|RW
001005001002_rw|其他|4|001000000000_rw|001005000000_rw|001005001000_rw|001005001002_rw|RW
001005001003_rw|搜狐|4|001000000000_rw|001005000000_rw|001005001000_rw|001005001003_rw|RW
001005001004_rw|易车网|4|001000000000_rw|001005000000_rw|001005001000_rw|001005001004_rw|RW
001005001005_rw|汽车之家|4|001000000000_rw|001005000000_rw|001005001000_rw|001005001005_rw|RW
001005001006_rw|太平洋|4|001000000000_rw|001005000000_rw|001005001000_rw|001005001006_rw|RW
001005001007_rw|爱卡汽车|4|001000000000_rw|001005000000_rw|001005001000_rw|001005001007_rw|RW
001005001008_rw|懂车帝|4|001000000000_rw|001005000000_rw|001005001000_rw|001005001008_rw|RW
001005001009_rw|17汽车网|4|001000000000_rw|001005000000_rw|001005001000_rw|001005001009_rw|RW
001005001010_rw|途虎网|4|001000000000_rw|001005000000_rw|001005001000_rw|001005001010_rw|RW
001005001011_rw|头条|4|001000000000_rw|001005000000_rw|001005001000_rw|001005001011_rw|RW
001005001012_rw|腾讯|4|001000000000_rw|001005000000_rw|001005001000_rw|001005001012_rw|RW
001005001013_rw|好车网|4|001000000000_rw|001005000000_rw|001005001000_rw|001005001013_rw|RW
001005001014_rw|卡盟粒子|4|001000000000_rw|001005000000_rw|001005001000_rw|001005001014_rw|RW
001005001015_rw|腾讯车讯达|4|001000000000_rw|001005000000_rw|001005001000_rw|001005001015_rw|RW
001005001016_rw|车智推|4|001000000000_rw|001005000000_rw|001005001000_rw|001005001016_rw|RW
001005001017_rw|车智推平台|4|001000000000_rw|001005000000_rw|001005001000_rw|001005001017_rw|RW
001005001018_rw|腾讯卖车宝|4|001000000000_rw|001005000000_rw|001005001000_rw|001005001018_rw|RW
001005001019_rw|云和互动|4|001000000000_rw|001005000000_rw|001005001000_rw|001005001019_rw|RW
001005001020_rw|易车线索提升|4|001000000000_rw|001005000000_rw|001005001000_rw|001005001020_rw|RW
001005001021_rw|腾讯一键五联|4|001000000000_rw|001005000000_rw|001005001000_rw|001005001021_rw|RW
001005002000_rw|经销商外拓|3|001000000000_rw|001005000000_rw|001005002000_rw||RW
001005002001_rw|KBU活动集客-大屏|4|001000000000_rw|001005000000_rw|001005002000_rw|001005002001_rw|RW
001005002002_rw|KBU活动集客-小蜜蜂|4|001000000000_rw|001005000000_rw|001005002000_rw|001005002002_rw|RW
001005002003_rw|KBU活动集客-顾问|4|001000000000_rw|001005000000_rw|001005002000_rw|001005002003_rw|RW
001005002004_rw|抖音平台|4|001000000000_rw|001005000000_rw|001005002000_rw|001005002004_rw|RW
001005002005_rw|直播异地线索|4|001000000000_rw|001005000000_rw|001005002000_rw|001005002005_rw|RW
001005002006_rw|商圈店转卖|4|001000000000_rw|001005000000_rw|001005002000_rw|001005002006_rw|RW
001005002007_rw|异地客户|4|001000000000_rw|001005000000_rw|001005002000_rw|001005002007_rw|RW
001005002008_rw|QQ|4|001000000000_rw|001005000000_rw|001005002000_rw|001005002008_rw|RW
001005002009_rw|论坛|4|001000000000_rw|001005000000_rw|001005002000_rw|001005002009_rw|RW
001005002010_rw|基盘客户(网销)|4|001000000000_rw|001005000000_rw|001005002000_rw|001005002010_rw|RW
001005002011_rw|合作资源1|4|001000000000_rw|001005000000_rw|001005002000_rw|001005002011_rw|RW
001005002012_rw|合作资源2|4|001000000000_rw|001005000000_rw|001005002000_rw|001005002012_rw|RW
001005002013_rw|线下活动-非凡驾道|4|001000000000_rw|001005000000_rw|001005002000_rw|001005002013_rw|RW
001005002014_rw|官方分配|4|001000000000_rw|001005000000_rw|001005002000_rw|001005002014_rw|RW
001005002015_rw|腾讯|4|001000000000_rw|001005000000_rw|001005002000_rw|001005002015_rw|RW
001005002016_rw|天猫|4|001000000000_rw|001005000000_rw|001005002000_rw|001005002016_rw|RW
001005002017_rw|新渠道|4|001000000000_rw|001005000000_rw|001005002000_rw|001005002017_rw|RW
001005002018_rw|网销线上外拓|4|001000000000_rw|001005000000_rw|001005002000_rw|001005002018_rw|RW
001005002019_rw|网销外展|4|001000000000_rw|001005000000_rw|001005002000_rw|001005002019_rw|RW
001005002020_rw|百度有驾线下建卡|4|001000000000_rw|001005000000_rw|001005002000_rw|001005002020_rw|RW
001005002021_rw|社交营销|4|001000000000_rw|001005000000_rw|001005002000_rw|001005002021_rw|RW
001005002022_rw|合作资源3|4|001000000000_rw|001005000000_rw|001005002000_rw|001005002022_rw|RW
001005002023_rw|其他网站|4|001000000000_rw|001005000000_rw|001005002000_rw|001005002023_rw|RW
001005002024_rw|外拓外展|4|001000000000_rw|001005000000_rw|001005002000_rw|001005002024_rw|RW
001005002025_rw|百度推广|4|001000000000_rw|001005000000_rw|001005002000_rw|001005002025_rw|RW
001005002026_rw|搜狐|4|001000000000_rw|001005000000_rw|001005002000_rw|001005002026_rw|RW
001005002027_rw|易车网|4|001000000000_rw|001005000000_rw|001005002000_rw|001005002027_rw|RW
001005002028_rw|社交渠道|4|001000000000_rw|001005000000_rw|001005002000_rw|001005002028_rw|RW
001005002029_rw|首次到店|4|001000000000_rw|001005000000_rw|001005002000_rw|001005002029_rw|RW
001005002030_rw|外拓|4|001000000000_rw|001005000000_rw|001005002000_rw|001005002030_rw|RW
001005002031_rw|百度|4|001000000000_rw|001005000000_rw|001005002000_rw|001005002031_rw|RW
001005002032_rw|网销外拓|4|001000000000_rw|001005000000_rw|001005002000_rw|001005002032_rw|RW
001005002033_rw|新浪微博|4|001000000000_rw|001005000000_rw|001005002000_rw|001005002033_rw|RW
001005002034_rw|老客户转介绍|4|001000000000_rw|001005000000_rw|001005002000_rw|001005002034_rw|RW
001005002035_rw|17汽车网|4|001000000000_rw|001005000000_rw|001005002000_rw|001005002035_rw|RW
001005002036_rw|到店|4|001000000000_rw|001005000000_rw|001005002000_rw|001005002036_rw|RW
001005002037_rw|搜狐汽车|4|001000000000_rw|001005000000_rw|001005002000_rw|001005002037_rw|RW
001005002038_rw|爱卡汽车|4|001000000000_rw|001005000000_rw|001005002000_rw|001005002038_rw|RW
001005002039_rw|爱卡汽车网|4|001000000000_rw|001005000000_rw|001005002000_rw|001005002039_rw|RW
001005002040_rw|王媛媛|4|001000000000_rw|001005000000_rw|001005002000_rw|001005002040_rw|RW
001005002041_rw|社交营销(试驾邀请)|4|001000000000_rw|001005000000_rw|001005002000_rw|001005002041_rw|RW
001005002042_rw|DCC电话网络销售|4|001000000000_rw|001005000000_rw|001005002000_rw|001005002042_rw|RW
001005002043_rw|懂车帝|4|001000000000_rw|001005000000_rw|001005002000_rw|001005002043_rw|RW
001005002044_rw|汽车之家|4|001000000000_rw|001005000000_rw|001005002000_rw|001005002044_rw|RW
001005002045_rw|汽车之家400电话|4|001000000000_rw|001005000000_rw|001005002000_rw|001005002045_rw|RW
001005002046_rw|网站|4|001000000000_rw|001005000000_rw|001005002000_rw|001005002046_rw|RW
001005002047_rw|自然进店|4|001000000000_rw|001005000000_rw|001005002000_rw|001005002047_rw|RW
001005002048_rw|车展|4|001000000000_rw|001005000000_rw|001005002000_rw|001005002048_rw|RW
001005002049_rw|其它|4|001000000000_rw|001005000000_rw|001005002000_rw|001005002049_rw|RW
001005002050_rw|厂家小篷车|4|001000000000_rw|001005000000_rw|001005002000_rw|001005002050_rw|RW
001005002051_rw|SIS|4|001000000000_rw|001005000000_rw|001005002000_rw|001005002051_rw|RW
001005002052_rw|北仑大港汽车|4|001000000000_rw|001005000000_rw|001005002000_rw|001005002052_rw|RW
001005002053_rw|新浪汽车网|4|001000000000_rw|001005000000_rw|001005002000_rw|001005002053_rw|RW
001005002054_rw|太平洋汽车网|4|001000000000_rw|001005000000_rw|001005002000_rw|001005002054_rw|RW
001005002055_rw|易车网400电话|4|001000000000_rw|001005000000_rw|001005002000_rw|001005002055_rw|RW
001005002056_rw|王秀丽|4|001000000000_rw|001005000000_rw|001005002000_rw|001005002056_rw|RW
001005002057_rw|2020海西车展|4|001000000000_rw|001005000000_rw|001005002000_rw|001005002057_rw|RW
001005002058_rw|SIS其它|4|001000000000_rw|001005000000_rw|001005002000_rw|001005002058_rw|RW
001005002059_rw|主动开拓|4|001000000000_rw|001005000000_rw|001005002000_rw|001005002059_rw|RW
001005002060_rw|公众平台|4|001000000000_rw|001005000000_rw|001005002000_rw|001005002060_rw|RW
001005002061_rw|淘宝天猫|4|001000000000_rw|001005000000_rw|001005002000_rw|001005002061_rw|RW
001005002062_rw|驾校学员|4|001000000000_rw|001005000000_rw|001005002000_rw|001005002062_rw|RW
001005002063_rw|720水灾|4|001000000000_rw|001005000000_rw|001005002000_rw|001005002063_rw|RW
001005002064_rw|太平洋|4|001000000000_rw|001005000000_rw|001005002000_rw|001005002064_rw|RW
001005002065_rw|其他|4|001000000000_rw|001005000000_rw|001005002000_rw|001005002065_rw|RW
001005002066_rw|展厅|4|001000000000_rw|001005000000_rw|001005002000_rw|001005002066_rw|RW
001005002067_rw|微信|4|001000000000_rw|001005000000_rw|001005002000_rw|001005002067_rw|RW
001005002068_rw|今日头条|4|001000000000_rw|001005000000_rw|001005002000_rw|001005002068_rw|RW
001005002069_rw|夏鑫|4|001000000000_rw|001005000000_rw|001005002000_rw|001005002069_rw|RW
001005002070_rw|厂方分配|4|001000000000_rw|001005000000_rw|001005002000_rw|001005002070_rw|RW
001005002071_rw|展厅接待客户|4|001000000000_rw|001005000000_rw|001005002000_rw|001005002071_rw|RW
001005002072_rw|太平洋汽车|4|001000000000_rw|001005000000_rw|001005002000_rw|001005002072_rw|RW
001005002073_rw|车主转介绍|4|001000000000_rw|001005000000_rw|001005002000_rw|001005002073_rw|RW
001005002074_rw|231321|4|001000000000_rw|001005000000_rw|001005002000_rw|001005002074_rw|RW
001005002075_rw|10.31-11.4国际车展|4|001000000000_rw|001005000000_rw|001005002000_rw|001005002075_rw|RW
001005002076_rw|网上车市|4|001000000000_rw|001005000000_rw|001005002000_rw|001005002076_rw|RW
001005002077_rw|公司周边外拓|4|001000000000_rw|001005000000_rw|001005002000_rw|001005002077_rw|RW
001005002078_rw|车讯网|4|001000000000_rw|001005000000_rw|001005002000_rw|001005002078_rw|RW
001005002079_rw|萧山车网|4|001000000000_rw|001005000000_rw|001005002000_rw|001005002079_rw|RW
001005002080_rw|黄明|4|001000000000_rw|001005000000_rw|001005002000_rw|001005002080_rw|RW
001005002081_rw|上海汽车|4|001000000000_rw|001005000000_rw|001005002000_rw|001005002081_rw|RW
001005002082_rw|商超展示|4|001000000000_rw|001005000000_rw|001005002000_rw|001005002082_rw|RW
001005002083_rw|好买车|4|001000000000_rw|001005000000_rw|001005002000_rw|001005002083_rw|RW
001005002084_rw|车展客户|4|001000000000_rw|001005000000_rw|001005002000_rw|001005002084_rw|RW
001005002085_rw|展厅活动|4|001000000000_rw|001005000000_rw|001005002000_rw|001005002085_rw|RW
001005002086_rw|线下活动-非凡驾道|4|001000000000_rw|001005000000_rw|001005002000_rw|001005002086_rw|RW
001005002087_rw|扫一扫集客活动|4|001000000000_rw|001005000000_rw|001005002000_rw|001005002087_rw|RW
001005002088_rw|上海车展|4|001000000000_rw|001005000000_rw|001005002000_rw|001005002088_rw|RW
001005002089_rw|底成本集客活动|4|001000000000_rw|001005000000_rw|001005002000_rw|001005002089_rw|RW
001005002090_rw|二级网点|4|001000000000_rw|001005000000_rw|001005002000_rw|001005002090_rw|RW
001005002091_rw|活动到店|4|001000000000_rw|001005000000_rw|001005002000_rw|001005002091_rw|RW
001005002092_rw|社交营销|4|001000000000_rw|001005000000_rw|001005002000_rw|001005002092_rw|RW
001005002093_rw|厂方支持大篷车及BC级车展|4|001000000000_rw|001005000000_rw|001005002000_rw|001005002093_rw|RW
001005002094_rw|厂方支持小篷车及商圈活动|4|001000000000_rw|001005000000_rw|001005002000_rw|001005002094_rw|RW
001005002095_rw|试乘试驾活动|4|001000000000_rw|001005000000_rw|001005002000_rw|001005002095_rw|RW
001005002096_rw|车展|4|001000000000_rw|001005000000_rw|001005002000_rw|001005002096_rw|RW
001005002097_rw|走商|4|001000000000_rw|001005000000_rw|001005002000_rw|001005002097_rw|RW
001005002098_rw|直邮|4|001000000000_rw|001005000000_rw|001005002000_rw|001005002098_rw|RW
001005002099_rw|外展|4|001000000000_rw|001005000000_rw|001005002000_rw|001005002099_rw|RW
001005002100_rw|基盘客户|4|001000000000_rw|001005000000_rw|001005002000_rw|001005002100_rw|RW
001005002101_rw|展厅线上外拓|4|001000000000_rw|001005000000_rw|001005002000_rw|001005002101_rw|RW
001005002102_rw|展厅外展|4|001000000000_rw|001005000000_rw|001005002000_rw|001005002102_rw|RW
001005002103_rw|基盘客户(网销)|4|001000000000_rw|001005000000_rw|001005002000_rw|001005002103_rw|RW
001005002104_rw|抖音平台|4|001000000000_rw|001005000000_rw|001005002000_rw|001005002104_rw|RW
001005002105_rw|社交渠道|4|001000000000_rw|001005000000_rw|001005002000_rw|001005002105_rw|RW
001005002106_rw|低成本集客活动|4|001000000000_rw|001005000000_rw|001005002000_rw|001005002106_rw|RW
001005002107_rw|网销线上外拓|4|001000000000_rw|001005000000_rw|001005002000_rw|001005002107_rw|RW
001005002108_rw|合作资源1|4|001000000000_rw|001005000000_rw|001005002000_rw|001005002108_rw|RW
001005002109_rw|QQ|4|001000000000_rw|001005000000_rw|001005002000_rw|001005002109_rw|RW
001005002110_rw|新媒体线上外拓|4|001000000000_rw|001005000000_rw|001005002000_rw|001005002110_rw|RW
001005002111_rw|网销外展|4|001000000000_rw|001005000000_rw|001005002000_rw|001005002111_rw|RW
001005002112_rw|朋友圈广告|4|001000000000_rw|001005000000_rw|001005002000_rw|001005002112_rw|RW
001005002113_rw|新渠道|4|001000000000_rw|001005000000_rw|001005002000_rw|001005002113_rw|RW
001005002114_rw|汽车之家|4|001000000000_rw|001005000000_rw|001005002000_rw|001005002114_rw|RW
001005003000_rw|展厅自然客流|3|001000000000_rw|001005000000_rw|001005003000_rw||RW
001005003001_rw|QQ|4|001000000000_rw|001005000000_rw|001005003000_rw|001005003001_rw|RW
001005003002_rw|论坛|4|001000000000_rw|001005000000_rw|001005003000_rw|001005003002_rw|RW
001005003003_rw|合作资源1|4|001000000000_rw|001005000000_rw|001005003000_rw|001005003003_rw|RW
001005003004_rw|合作资源2|4|001000000000_rw|001005000000_rw|001005003000_rw|001005003004_rw|RW
001005003005_rw|网站|4|001000000000_rw|001005000000_rw|001005003000_rw|001005003005_rw|RW
001005003006_rw|来电|4|001000000000_rw|001005000000_rw|001005003000_rw|001005003006_rw|RW
001005003007_rw|来店|4|001000000000_rw|001005000000_rw|001005003000_rw|001005003007_rw|RW
001006000000_rw|用户运营|2|001000000000_rw|001006000000_rw|||RW
001006001000_rw|电商|3|001000000000_rw|001006000000_rw|001006001000_rw||RW
001006001001_rw|荣威官网小额定|4|001000000000_rw|001006000000_rw|001006001000_rw|001006001001_rw|RW
001006001002_rw|名爵官网小额定|4|001000000000_rw|001006000000_rw|001006001000_rw|001006001002_rw|RW
001006001003_rw|小额定单未支付|4|001000000000_rw|001006000000_rw|001006001000_rw|001006001003_rw|RW
001006001004_rw|荣威小额定|4|001000000000_rw|001006000000_rw|001006001000_rw|001006001004_rw|RW
001006001005_rw|定金定单未支付|4|001000000000_rw|001006000000_rw|001006001000_rw|001006001005_rw|RW
001006001006_rw|定金定单|4|001000000000_rw|001006000000_rw|001006001000_rw|001006001006_rw|RW
001006001007_rw|Tmall渠道|4|001000000000_rw|001006000000_rw|001006001000_rw|001006001007_rw|RW
001006001008_rw|苏宁渠道|4|001000000000_rw|001006000000_rw|001006001000_rw|001006001008_rw|RW
001006001009_rw|拼多多渠道|4|001000000000_rw|001006000000_rw|001006001000_rw|001006001009_rw|RW
001006001010_rw|Tmall试驾|4|001000000000_rw|001006000000_rw|001006001000_rw|001006001010_rw|RW
001006001011_rw|苏宁试驾|4|001000000000_rw|001006000000_rw|001006001000_rw|001006001011_rw|RW
001006001012_rw|电商|4|001000000000_rw|001006000000_rw|001006001000_rw|001006001012_rw|RW
001006002000_rw|基盘线索|3|001000000000_rw|001006000000_rw|001006002000_rw||RW
001006002001_rw|荣威车主俱乐部二手车|4|001000000000_rw|001006000000_rw|001006002000_rw|001006002001_rw|RW
001006002002_rw|荣威官网PC端二手车|4|001000000000_rw|001006000000_rw|001006002000_rw|001006002002_rw|RW
001006002003_rw|荣威官网移动端二手车|4|001000000000_rw|001006000000_rw|001006002000_rw|001006002003_rw|RW
001006002004_rw|荣威APP二手车|4|001000000000_rw|001006000000_rw|001006002000_rw|001006002004_rw|RW
001006002005_rw|手动创建二手车|4|001000000000_rw|001006000000_rw|001006002000_rw|001006002005_rw|RW
001006002006_rw|增换购|4|001000000000_rw|001006000000_rw|001006002000_rw|001006002006_rw|RW
001006002007_rw|社交裂变|4|001000000000_rw|001006000000_rw|001006002000_rw|001006002007_rw|RW
001006002008_rw|裂变|4|001000000000_rw|001006000000_rw|001006002000_rw|001006002008_rw|RW
001006002009_rw|荣威APP|4|001000000000_rw|001006000000_rw|001006002000_rw|001006002009_rw|RW
001006002010_rw|总部短信营销|4|001000000000_rw|001006000000_rw|001006002000_rw|001006002010_rw|RW
001006002011_rw|益普索益起答|4|001000000000_rw|001006000000_rw|001006002000_rw|001006002011_rw|RW
001006002012_rw|荣威H5活动|4|001000000000_rw|001006000000_rw|001006002000_rw|001006002012_rw|RW
001006002013_rw|二手车小程序|4|001000000000_rw|001006000000_rw|001006002000_rw|001006002013_rw|RW
001006002014_rw|二手车官网|4|001000000000_rw|001006000000_rw|001006002000_rw|001006002014_rw|RW
001006002015_rw|经销商线下创建二手车|4|001000000000_rw|001006000000_rw|001006002000_rw|001006002015_rw|RW
001006002016_rw|上汽车有惠|4|001000000000_rw|001006000000_rw|001006002000_rw|001006002016_rw|RW
001006003000_rw|战败挽回&低潜培育|3|001000000000_rw|001006000000_rw|001006003000_rw||RW
001006003001_rw|金线索|4|001000000000_rw|001006000000_rw|001006003000_rw|001006003001_rw|RW
001006003002_rw|冷线索|4|001000000000_rw|001006000000_rw|001006003000_rw|001006003002_rw|RW
001006003003_rw|精准线索|4|001000000000_rw|001006000000_rw|001006003000_rw|001006003003_rw|RW
001012000000_rw|其他|2|001000000000_rw|001012000000_rw|||RW
002000000000_rw|内容培育与孵化|1|002000000000_rw||||RW
002001000000_rw|注册及订阅一方平台|2|002000000000_rw|002001000000_rw|||RW
002001001000_rw|官网注册|3|002000000000_rw|002001000000_rw|002001001000_rw||RW
002001002000_rw|APP注册|3|002000000000_rw|002001000000_rw|002001002000_rw||RW
002001003000_rw|小程序平台注册|3|002000000000_rw|002001000000_rw|002001003000_rw||RW
002001003001_rw|小程序注册|4|002000000000_rw|002001000000_rw|002001003000_rw|002001003001_rw|RW
002001003002_rw|支付宝注册|4|002000000000_rw|002001000000_rw|002001003000_rw|002001003002_rw|RW
002001003003_rw|ZEBRA注册|4|002000000000_rw|002001000000_rw|002001003000_rw|002001003003_rw|RW
002001003004_rw|快应用注册|4|002000000000_rw|002001000000_rw|002001003000_rw|002001003004_rw|RW
002001003005_rw|头条注册|4|002000000000_rw|002001000000_rw|002001003000_rw|002001003005_rw|RW
002001003006_rw|百度注册|4|002000000000_rw|002001000000_rw|002001003000_rw|002001003006_rw|RW
002001003007_rw|快手注册|4|002000000000_rw|002001000000_rw|002001003000_rw|002001003007_rw|RW
002001004000_rw|活动引流注册|3|002000000000_rw|002001000000_rw|002001004000_rw||RW
002001004001_rw|老用户推荐新用户注册|4|002000000000_rw|002001000000_rw|002001004000_rw|002001004001_rw|RW
002001004002_rw|春节裂变活动注册|4|002000000000_rw|002001000000_rw|002001004000_rw|002001004002_rw|RW
002001005000_rw|CCM注册|3|002000000000_rw|002001000000_rw|002001005000_rw||RW
002001006000_rw|订阅微信公众号|3|002000000000_rw|002001000000_rw|002001006000_rw||RW
002002000000_rw|APP模块使用|2|002000000000_rw|002002000000_rw|||RW
002002001000_rw|首页推荐点击|3|002000000000_rw|002002000000_rw|002002001000_rw||RW
002002002000_rw|APP首页坑位点击|3|002000000000_rw|002002000000_rw|002002002000_rw||RW
002002002001_rw|APP首页展厅点击|4|002000000000_rw|002002000000_rw|002002002000_rw|002002002001_rw|RW
002002002002_rw|APP首页我的点击|4|002000000000_rw|002002000000_rw|002002002000_rw|002002002002_rw|RW
002002002003_rw|APP首页威社区点击|4|002000000000_rw|002002000000_rw|002002002000_rw|002002002003_rw|RW
002002002004_rw|APP首页爱车点击|4|002000000000_rw|002002000000_rw|002002002000_rw|002002002004_rw|RW
002002002005_rw|APP首页无忧服务点击|4|002000000000_rw|002002000000_rw|002002002000_rw|002002002005_rw|RW
002002002006_rw|APP首页优品点击|4|002000000000_rw|002002000000_rw|002002002000_rw|002002002006_rw|RW
002002002007_rw|APP首页签到点击|4|002000000000_rw|002002000000_rw|002002002000_rw|002002002007_rw|RW
002002002008_rw|APP首页消息中心点击|4|002000000000_rw|002002000000_rw|002002002000_rw|002002002008_rw|RW
002002002009_rw|APP首页搜索点击|4|002000000000_rw|002002000000_rw|002002002000_rw|002002002009_rw|RW
002002002010_rw|APP首页车友圈点击|4|002000000000_rw|002002000000_rw|002002002000_rw|002002002010_rw|RW
002002002011_rw|APP首页服务点击|4|002000000000_rw|002002000000_rw|002002002000_rw|002002002011_rw|RW
002002002012_rw|APP首页车信点击|4|002000000000_rw|002002000000_rw|002002002000_rw|002002002012_rw|RW
002002002013_rw|APP首页探索点击|4|002000000000_rw|002002000000_rw|002002002000_rw|002002002013_rw|RW
002002002014_rw|APP首页推荐点击|4|002000000000_rw|002002000000_rw|002002002000_rw|002002002014_rw|RW
002002002015_rw|APP首页合伙人计划点击|4|002000000000_rw|002002000000_rw|002002002000_rw|002002002015_rw|RW
002002002016_rw|APP首页搜索框点击|4|002000000000_rw|002002000000_rw|002002002000_rw|002002002016_rw|RW
002002003000_rw|APP社区文章浏览|3|002000000000_rw|002002000000_rw|002002003000_rw||RW
002002003001_rw|社区文章浏览|4|002000000000_rw|002002000000_rw|002002003000_rw|002002003001_rw|RW
002002003002_rw|社区文章卡片点击|4|002000000000_rw|002002000000_rw|002002003000_rw|002002003002_rw|RW
002002003003_rw|帖子浏览|4|002000000000_rw|002002000000_rw|002002003000_rw|002002003003_rw|RW
002002003004_rw|知识库内容阅读|4|002000000000_rw|002002000000_rw|002002003000_rw|002002003004_rw|RW
002002004000_rw|APP社区资讯点击|3|002000000000_rw|002002000000_rw|002002004000_rw||RW
002002004001_rw|论坛列表页模块点击|4|002000000000_rw|002002000000_rw|002002004000_rw|002002004001_rw|RW
002002004002_rw|资讯专题页文章点击|4|002000000000_rw|002002000000_rw|002002004000_rw|002002004002_rw|RW
002002004003_rw|社区_推荐文章点击|4|002000000000_rw|002002000000_rw|002002004000_rw|002002004003_rw|RW
002002004004_rw|话题对垒论坛入口点击|4|002000000000_rw|002002000000_rw|002002004000_rw|002002004004_rw|RW
002002004005_rw|话题对垒每日福利入口点击|4|002000000000_rw|002002000000_rw|002002004000_rw|002002004005_rw|RW
002002004006_rw|话题对垒评论点击|4|002000000000_rw|002002000000_rw|002002004000_rw|002002004006_rw|RW
002002004007_rw|社区_卡片点击|4|002000000000_rw|002002000000_rw|002002004000_rw|002002004007_rw|RW
002002006000_rw|APP社区内容发布|3|002000000000_rw|002002000000_rw|002002006000_rw||RW
002002006001_rw|发布文章|4|002000000000_rw|002002000000_rw|002002006000_rw|002002006001_rw|RW
002002006002_rw|发布新闻|4|002000000000_rw|002002000000_rw|002002006000_rw|002002006002_rw|RW
002002006003_rw|发布活动|4|002000000000_rw|002002000000_rw|002002006000_rw|002002006003_rw|RW
002002007000_rw|APP社区文章评论|3|002000000000_rw|002002000000_rw|002002007000_rw||RW
002002008000_rw|APP社区文章点赞|3|002000000000_rw|002002000000_rw|002002008000_rw||RW
002002009000_rw|APP社区文章分享|3|002000000000_rw|002002000000_rw|002002009000_rw||RW
002002010000_rw|APP社区文章收藏|3|002000000000_rw|002002000000_rw|002002010000_rw||RW
002002005000_rw|APP视频播放|3|002000000000_rw|002002000000_rw|002002005000_rw||RW
002002011000_rw|APP搜索|3|002000000000_rw|002002000000_rw|002002011000_rw||RW
002002011001_rw|APP搜索结果点击|4|002000000000_rw|002002000000_rw|002002011000_rw|002002011001_rw|RW
002002011002_rw|APP完成搜索结果展示|4|002000000000_rw|002002000000_rw|002002011000_rw|002002011002_rw|RW
002002011003_rw|APP搜索|4|002000000000_rw|002002000000_rw|002002011000_rw|002002011003_rw|RW
002002012000_rw|APP消息使用|3|002000000000_rw|002002000000_rw|002002012000_rw||RW
002002012001_rw|APPIM入口点击|4|002000000000_rw|002002000000_rw|002002012000_rw|002002012001_rw|RW
002002012002_rw|APP消息推送弹窗点击|4|002000000000_rw|002002000000_rw|002002012000_rw|002002012002_rw|RW
002002012003_rw|APP消息中心页面中的各按钮点击|4|002000000000_rw|002002000000_rw|002002012000_rw|002002012003_rw|RW
002002012004_rw|APPIM换绑提交按钮点击|4|002000000000_rw|002002000000_rw|002002012000_rw|002002012004_rw|RW
002002012006_rw|APPIM车信首页销售顾问按钮点击|4|002000000000_rw|002002000000_rw|002002012000_rw|002002012006_rw|RW
002002012007_rw|APPIM通话成功|4|002000000000_rw|002002000000_rw|002002012000_rw|002002012007_rw|RW
002002012008_rw|APPIM发送消息成功|4|002000000000_rw|002002000000_rw|002002012000_rw|002002012008_rw|RW
002002012009_rw|APPIM聊天窗口页坑位点击|4|002000000000_rw|002002000000_rw|002002012000_rw|002002012009_rw|RW
002002014000_rw|APP配件商城使用|3|002000000000_rw|002002000000_rw|002002014000_rw||RW
002002014001_rw|APP荣威配件商城首页核心按钮点击|4|002000000000_rw|002002000000_rw|002002014000_rw|002002014001_rw|RW
002002015000_rw|社区积分变动|3|002000000000_rw|002002000000_rw|002002015000_rw||RW
002002015001_rw|其他获取积分|4|002000000000_rw|002002000000_rw|002002015000_rw|002002015001_rw|RW
002002015002_rw|签到获取积分|4|002000000000_rw|002002000000_rw|002002015000_rw|002002015002_rw|RW
002002015003_rw|完善个人资料获取积分|4|002000000000_rw|002002000000_rw|002002015000_rw|002002015003_rw|RW
002002015004_rw|消除积分|4|002000000000_rw|002002000000_rw|002002015000_rw|002002015004_rw|RW
002003000000_rw|小程序模块使用|2|002000000000_rw|002003000000_rw|||RW
002003001000_rw|小程序搜索|3|002000000000_rw|002003000000_rw|002003001000_rw||RW
002003001001_rw|小程序搜索结果点击|4|002000000000_rw|002003000000_rw|002003001000_rw|002003001001_rw|RW
002003001002_rw|小程序完成搜索|4|002000000000_rw|002003000000_rw|002003001000_rw|002003001002_rw|RW
002003002000_rw|小程序消息点击|3|002000000000_rw|002003000000_rw|002003002000_rw||RW
002003002001_rw|小程序IM换绑提交按钮点击|4|002000000000_rw|002003000000_rw|002003002000_rw|002003002001_rw|RW
002003002002_rw|小程序IM环信登录成功|4|002000000000_rw|002003000000_rw|002003002000_rw|002003002002_rw|RW
002003002003_rw|小程序IM车信首页销售顾问按钮点击|4|002000000000_rw|002003000000_rw|002003002000_rw|002003002003_rw|RW
002003002004_rw|小程序IM通话成功|4|002000000000_rw|002003000000_rw|002003002000_rw|002003002004_rw|RW
002003002005_rw|小程序IM发送消息成功|4|002000000000_rw|002003000000_rw|002003002000_rw|002003002005_rw|RW
002003002006_rw|小程序IM聊天窗口页坑位点击|4|002000000000_rw|002003000000_rw|002003002000_rw|002003002006_rw|RW
002003002007_rw|小程序IM入口点击|4|002000000000_rw|002003000000_rw|002003002000_rw|002003002007_rw|RW
002003003000_rw|小程序分享/转发|3|002000000000_rw|002003000000_rw|002003003000_rw||RW
002003003001_rw|海报分享成功|4|002000000000_rw|002003000000_rw|002003003000_rw|002003003001_rw|RW
002003003002_rw|转发分享按钮点击|4|002000000000_rw|002003000000_rw|002003003000_rw|002003003002_rw|RW
002003004000_rw|小程序视频播放|3|002000000000_rw|002003000000_rw|002003004000_rw||RW
002004000000_rw|了解金融产品|2|002000000000_rw|002004000000_rw|||RW
002004001000_rw|金融服务页面点击浏览|3|002000000000_rw|002004000000_rw|002004001000_rw||RW
002004003000_rw|了解贷款产品|3|002000000000_rw|002004000000_rw|002004003000_rw||RW
002004003001_rw|上汽荣威_PC_金融服务页_计算器_金融政策_立即申请_点击|4|002000000000_rw|002004000000_rw|002004003000_rw|002004003001_rw|RW
002004003002_rw|上汽荣威_PC_金融服务页_计算器_气球贷_立即申请_点击|4|002000000000_rw|002004000000_rw|002004003000_rw|002004003002_rw|RW
002004003003_rw|上汽荣威_PC_金融服务页_我要贷款_提交_点击|4|002000000000_rw|002004000000_rw|002004003000_rw|002004003003_rw|RW
002005000000_rw|外呼或短信|2|002000000000_rw|002005000000_rw|||RW
002005001000_rw|SIS外呼接通|3|002000000000_rw|002005000000_rw|002005001000_rw||RW
002005001001_rw|SIS外呼接通(0,10s)|4|002000000000_rw|002005000000_rw|002005001000_rw|002005001001_rw|RW
002005001002_rw|SIS外呼接通[10s, 30s)|4|002000000000_rw|002005000000_rw|002005001000_rw|002005001002_rw|RW
002005001003_rw|SIS外呼接通[30s, 60s)|4|002000000000_rw|002005000000_rw|002005001000_rw|002005001003_rw|RW
002005001004_rw|SIS外呼接通>=60s|4|002000000000_rw|002005000000_rw|002005001000_rw|002005001004_rw|RW
002005002000_rw|SIS外呼未接通|3|002000000000_rw|002005000000_rw|002005002000_rw||RW
002005003000_rw|AI外呼接通|3|002000000000_rw|002005000000_rw|002005003000_rw||RW
002005003001_rw|AI外呼接通(0,10s)|4|002000000000_rw|002005000000_rw|002005003000_rw|002005003001_rw|RW
002005003002_rw|AI外呼接通[10s, 30s)|4|002000000000_rw|002005000000_rw|002005003000_rw|002005003002_rw|RW
002005003003_rw|AI外呼接通[30s, 60s)|4|002000000000_rw|002005000000_rw|002005003000_rw|002005003003_rw|RW
002005003004_rw|AI外呼接通>=60s|4|002000000000_rw|002005000000_rw|002005003000_rw|002005003004_rw|RW
002005004000_rw|AI外呼未接通|3|002000000000_rw|002005000000_rw|002005004000_rw||RW
002005005000_rw|收到短信|3|002000000000_rw|002005000000_rw|002005005000_rw||RW
002005005001_rw|收到短信活动主题|4|002000000000_rw|002005000000_rw|002005005000_rw|002005005001_rw|RW
002005005002_rw|收到短信服务主题|4|002000000000_rw|002005000000_rw|002005005000_rw|002005005002_rw|RW
002005005003_rw|收到短信潜客主题|4|002000000000_rw|002005000000_rw|002005005000_rw|002005005003_rw|RW
002005005004_rw|收到短信推介主题|4|002000000000_rw|002005000000_rw|002005005000_rw|002005005004_rw|RW
002005005005_rw|收到短信挽回主题|4|002000000000_rw|002005000000_rw|002005005000_rw|002005005005_rw|RW
002005005006_rw|收到短信增换购主题|4|002000000000_rw|002005000000_rw|002005005000_rw|002005005006_rw|RW
002005005007_rw|收到短信其他主题|4|002000000000_rw|002005000000_rw|002005005000_rw|002005005007_rw|RW
002005005008_rw|收到短信调研主题|4|002000000000_rw|002005000000_rw|002005005000_rw|002005005008_rw|RW
002005005009_rw|收到短信保客服务主题|4|002000000000_rw|002005000000_rw|002005005000_rw|002005005009_rw|RW
002005005010_rw|收到短信促活主题|4|002000000000_rw|002005000000_rw|002005005000_rw|002005005010_rw|RW
002005006000_rw|点击短信短链|3|002000000000_rw|002005000000_rw|002005006000_rw||RW
002005006001_rw|点击短信活动主题|4|002000000000_rw|002005000000_rw|002005006000_rw|002005006001_rw|RW
002005006002_rw|点击短信服务主题|4|002000000000_rw|002005000000_rw|002005006000_rw|002005006002_rw|RW
002005006003_rw|点击短信潜客主题|4|002000000000_rw|002005000000_rw|002005006000_rw|002005006003_rw|RW
002005006004_rw|点击短信推介主题|4|002000000000_rw|002005000000_rw|002005006000_rw|002005006004_rw|RW
002005006005_rw|点击短信挽回主题|4|002000000000_rw|002005000000_rw|002005006000_rw|002005006005_rw|RW
002005006006_rw|点击短信增换购主题|4|002000000000_rw|002005000000_rw|002005006000_rw|002005006006_rw|RW
002005006007_rw|点击短信其他主题|4|002000000000_rw|002005000000_rw|002005006000_rw|002005006007_rw|RW
002005006008_rw|点击短信调研主题|4|002000000000_rw|002005000000_rw|002005006000_rw|002005006008_rw|RW
002005006009_rw|点击短信保客服务主题|4|002000000000_rw|002005000000_rw|002005006000_rw|002005006009_rw|RW
002005006010_rw|点击短信促活主题|4|002000000000_rw|002005000000_rw|002005006000_rw|002005006010_rw|RW
003000000000_rw|线上展厅访问|1|003000000000_rw||||RW
003001000000_rw|APP展厅访问|2|003000000000_rw|003001000000_rw|||RW
003001001000_rw|APP展厅首页访问|3|003000000000_rw|003001000000_rw|003001001000_rw||RW
003001001001_rw|展厅首页车型入口访问|4|003000000000_rw|003001000000_rw|003001001000_rw|003001001001_rw|RW
003001002000_rw|APP车型浏览|3|003000000000_rw|003001000000_rw|003001002000_rw||RW
003001002001_rw|车型详情亮点|4|003000000000_rw|003001000000_rw|003001002000_rw|003001002001_rw|RW
003001002002_rw|爱车_图片滑动|4|003000000000_rw|003001000000_rw|003001002000_rw|003001002002_rw|RW
003002000000_rw|小程序展厅访问|2|003000000000_rw|003002000000_rw|||RW
003002001000_rw|小程序展厅首页核心按钮点击|3|003000000000_rw|003002000000_rw|003002001000_rw||RW
003002001001_rw|展厅首页预约试乘试驾按钮点击|4|003000000000_rw|003002000000_rw|003002001000_rw|003002001001_rw|RW
003002001002_rw|展厅首页立即订购按钮点击|4|003000000000_rw|003002000000_rw|003002001000_rw|003002001002_rw|RW
003002001003_rw|展厅首页立即预订按钮点击|4|003000000000_rw|003002000000_rw|003002001000_rw|003002001003_rw|RW
003002001004_rw|展厅首页盲订按钮点击|4|003000000000_rw|003002000000_rw|003002001000_rw|003002001004_rw|RW
003002001005_rw|展厅首页定制版订购按钮点击|4|003000000000_rw|003002000000_rw|003002001000_rw|003002001005_rw|RW
003002001007_rw|展厅首页抽奖按钮点击|4|003000000000_rw|003002000000_rw|003002001000_rw|003002001007_rw|RW
003002001008_rw|展厅首页斗地主按钮点击|4|003000000000_rw|003002000000_rw|003002001000_rw|003002001008_rw|RW
003002002000_rw|小程序车型浏览|3|003000000000_rw|003002000000_rw|003002002000_rw||RW
003002002001_rw|车型详情页资讯点击|4|003000000000_rw|003002000000_rw|003002002000_rw|003002002001_rw|RW
003002002002_rw|展厅_车辆详情特点图片滑动|4|003000000000_rw|003002000000_rw|003002002000_rw|003002002002_rw|RW
003002002003_rw|展厅_车型图片滑动|4|003000000000_rw|003002000000_rw|003002002000_rw|003002002003_rw|RW
003002004000_rw|点击联系销售顾问|3|003000000000_rw|003002000000_rw|003002004000_rw||RW
004000000000_rw|意向|1|004000000000_rw||||RW
005000000000_rw|建卡|1|005000000000_rw||||RW
006000000000_rw|线下到店|1|006000000000_rw||||RW
007000000000_rw|试乘试驾|1|007000000000_rw||||RW
007001000000_rw|预约试驾|2|007000000000_rw|007001000000_rw|||RW
007001001000_rw|APP预约试乘试驾|3|007000000000_rw|007001000000_rw|007001001000_rw||RW
007001001001_rw|APP试驾首页浏览|4|007000000000_rw|007001000000_rw|007001001000_rw|007001001001_rw|RW
007001001002_rw|APP试驾添加驾驶证|4|007000000000_rw|007001000000_rw|007001001000_rw|007001001002_rw|RW
007001001003_rw|APP试驾挑选经销商|4|007000000000_rw|007001000000_rw|007001001000_rw|007001001003_rw|RW
007001001004_rw|APP预约特色试驾按钮点击|4|007000000000_rw|007001000000_rw|007001001000_rw|007001001004_rw|RW
007001001005_rw|APP预约特色试驾入口点击|4|007000000000_rw|007001000000_rw|007001001000_rw|007001001005_rw|RW
007001001006_rw|APP预约试乘试驾成功|4|007000000000_rw|007001000000_rw|007001001000_rw|007001001006_rw|RW
007001002000_rw|小程序预约试乘试驾|3|007000000000_rw|007001000000_rw|007001002000_rw||RW
007001002001_rw|小程序预约试乘试驾成功|4|007000000000_rw|007001000000_rw|007001002000_rw|007001002001_rw|RW
007001002002_rw|小程序试驾首页浏览|4|007000000000_rw|007001000000_rw|007001002000_rw|007001002002_rw|RW
007001003000_rw|官网预约试乘试驾|3|007000000000_rw|007001000000_rw|007001003000_rw||RW
007001003001_rw|上汽荣威_PC_360PLUS车系页_预约试乘试驾提交|4|007000000000_rw|007001000000_rw|007001003000_rw|007001003001_rw|RW
007001003002_rw|上汽荣威_PC_e950车系页_预约试乘试驾提交|4|007000000000_rw|007001000000_rw|007001003000_rw|007001003002_rw|RW
007001003003_rw|上汽荣威_PC_Ei5车系页_预约试乘试驾提交|4|007000000000_rw|007001000000_rw|007001003000_rw|007001003003_rw|RW
007001003004_rw|上汽荣威_PC_ei6PLUS车系页_预约试乘试驾提交|4|007000000000_rw|007001000000_rw|007001003000_rw|007001003004_rw|RW
007001003005_rw|上汽荣威_PC_eRX5车系页_预约试乘试驾提交|4|007000000000_rw|007001000000_rw|007001003000_rw|007001003005_rw|RW
007001003006_rw|上汽荣威_PC_ERX5车系页_预约试乘试驾提交|4|007000000000_rw|007001000000_rw|007001003000_rw|007001003006_rw|RW
007001003007_rw|上汽荣威_PC_i5GL车系页_预约试乘试驾提交|4|007000000000_rw|007001000000_rw|007001003000_rw|007001003007_rw|RW
007001003008_rw|上汽荣威_PC_i5车系页_预约试乘试驾提交|4|007000000000_rw|007001000000_rw|007001003000_rw|007001003008_rw|RW
007001003009_rw|上汽荣威_PC_i6PLUS车系页_预约试乘试驾提交|4|007000000000_rw|007001000000_rw|007001003000_rw|007001003009_rw|RW
007001003010_rw|上汽荣威_PC_rx3车系页_预约试乘试驾提交|4|007000000000_rw|007001000000_rw|007001003000_rw|007001003010_rw|RW
007001003011_rw|上汽荣威_PC_RX5eMAX车系页_预约试乘试驾提交|4|007000000000_rw|007001000000_rw|007001003000_rw|007001003011_rw|RW
007001003012_rw|上汽荣威_PC_rx5max车系页_预约试乘试驾提交|4|007000000000_rw|007001000000_rw|007001003000_rw|007001003012_rw|RW
007001003013_rw|上汽荣威_PC_rx5车系页_预约试乘试驾提交|4|007000000000_rw|007001000000_rw|007001003000_rw|007001003013_rw|RW
007001003014_rw|上汽荣威_PC_rx8车系页_预约试乘试驾提交|4|007000000000_rw|007001000000_rw|007001003000_rw|007001003014_rw|RW
007001003015_rw|上汽荣威_PC_预约试乘试驾页_预约试乘试驾提交|4|007000000000_rw|007001000000_rw|007001003000_rw|007001003015_rw|RW
007001003016_rw|上汽荣威_WAP_Ei5车系页_预约试乘试驾提交|4|007000000000_rw|007001000000_rw|007001003000_rw|007001003016_rw|RW
007001003017_rw|上汽荣威_WAP_i5GL车系页_预约试乘试驾提交|4|007000000000_rw|007001000000_rw|007001003000_rw|007001003017_rw|RW
007001003018_rw|上汽荣威_WAP_i6PLUS车系页_预约试乘试驾提交|4|007000000000_rw|007001000000_rw|007001003000_rw|007001003018_rw|RW
007001003019_rw|上汽荣威_WAP_rx3车系页_预约试乘试驾提交|4|007000000000_rw|007001000000_rw|007001003000_rw|007001003019_rw|RW
007001003020_rw|上汽荣威_WAP_RX5eMAX车系页_预约试乘试驾提交|4|007000000000_rw|007001000000_rw|007001003000_rw|007001003020_rw|RW
007001003021_rw|上汽荣威_WAP_rx5max车系页_预约试乘试驾提交|4|007000000000_rw|007001000000_rw|007001003000_rw|007001003021_rw|RW
007001003022_rw|上汽荣威_WAP_rx5车系页_预约试乘试驾提交|4|007000000000_rw|007001000000_rw|007001003000_rw|007001003022_rw|RW
007001003023_rw|上汽荣威_WAP_rx8车系页_预约试乘试驾提交|4|007000000000_rw|007001000000_rw|007001003000_rw|007001003023_rw|RW
007001003024_rw|上汽荣威_WAP_预约试乘试驾页_预约试乘试驾提交|4|007000000000_rw|007001000000_rw|007001003000_rw|007001003024_rw|RW
007002000000_rw|预约确认|2|007000000000_rw|007002000000_rw|||RW
007002001000_rw|预约试乘确认|3|007000000000_rw|007002000000_rw|007002001000_rw||RW
007002002000_rw|预约试驾确认|3|007000000000_rw|007002000000_rw|007002002000_rw||RW
007003000000_rw|完成试乘试驾|2|007000000000_rw|007003000000_rw|||RW
007004000000_rw|评价试乘试驾|2|007000000000_rw|007004000000_rw|||RW
007005000000_rw|取消试乘试驾|2|007000000000_rw|007005000000_rw|||RW
008000000000_rw|活动参与|1|008000000000_rw||||RW
008001000000_rw|线下活动参与|2|008000000000_rw|008001000000_rw|||RW
008001001000_rw|团购促销类|3|008000000000_rw|008001000000_rw|008001001000_rw||RW
008001001001_rw|封闭式大型团购会|4|008000000000_rw|008001000000_rw|008001001000_rw|008001001001_rw|RW
008001001002_rw|区域团购会|4|008000000000_rw|008001000000_rw|008001001000_rw|008001001002_rw|RW
008001001003_rw|二网团购|4|008000000000_rw|008001000000_rw|008001001000_rw|008001001003_rw|RW
008001002000_rw|外展类|3|008000000000_rw|008001000000_rw|008001002000_rw||RW
008001002001_rw|带车外展|4|008000000000_rw|008001000000_rw|008001002000_rw|008001002001_rw|RW
008001002002_rw|商圈|4|008000000000_rw|008001000000_rw|008001002000_rw|008001002002_rw|RW
008001002003_rw|中、小型商超定展（室内）|4|008000000000_rw|008001000000_rw|008001002000_rw|008001002003_rw|RW
008001002004_rw|中、小型商超定展（室外）|4|008000000000_rw|008001000000_rw|008001002000_rw|008001002004_rw|RW
008001003000_rw|客户关爱活动类|3|008000000000_rw|008001000000_rw|008001003000_rw||RW
008001003001_rw|客户关爱活动（答谢会，爱车讲堂，观影活动等）|4|008000000000_rw|008001000000_rw|008001003000_rw|008001003001_rw|RW
008001003002_rw|区域自驾游|4|008000000000_rw|008001000000_rw|008001003000_rw|008001003002_rw|RW
008001003003_rw|区域自驾游、节油赛（时间证明：隔日活动可附房费增值税发票，当日活动仍使用当日报纸或彩票）|4|008000000000_rw|008001000000_rw|008001003000_rw|008001003003_rw|RW
008001004000_rw|展厅活动类|3|008000000000_rw|008001000000_rw|008001004000_rw||RW
008001004001_rw|展厅中、小型活动|4|008000000000_rw|008001000000_rw|008001004000_rw|008001004001_rw|RW
008001004002_rw|店头活动|4|008000000000_rw|008001000000_rw|008001004000_rw|008001004002_rw|RW
008001004003_rw|展厅大型活动|4|008000000000_rw|008001000000_rw|008001004000_rw|008001004003_rw|RW
008001005000_rw|异业合作类|3|008000000000_rw|008001000000_rw|008001005000_rw||RW
008001005001_rw|异业合作|4|008000000000_rw|008001000000_rw|008001005000_rw|008001005001_rw|RW
008001006000_rw|新车上市类|3|008000000000_rw|008001000000_rw|008001006000_rw||RW
008001006001_rw|新车上市|4|008000000000_rw|008001000000_rw|008001006000_rw|008001006001_rw|RW
008001006002_rw|媒体新车上市会（商超）|4|008000000000_rw|008001000000_rw|008001006000_rw|008001006002_rw|RW
008001006003_rw|媒体新车上市会（封闭）|4|008000000000_rw|008001000000_rw|008001006000_rw|008001006003_rw|RW
008001007000_rw|线下广告集客类|3|008000000000_rw|008001000000_rw|008001007000_rw||RW
008001007001_rw|低成本集客|4|008000000000_rw|008001000000_rw|008001007000_rw|008001007001_rw|RW
008001007002_rw|户外|4|008000000000_rw|008001000000_rw|008001007000_rw|008001007002_rw|RW
008001007003_rw|平面|4|008000000000_rw|008001000000_rw|008001007000_rw|008001007003_rw|RW
008001007004_rw|墙体广告|4|008000000000_rw|008001000000_rw|008001007000_rw|008001007004_rw|RW
008001007005_rw|影院投放|4|008000000000_rw|008001000000_rw|008001007000_rw|008001007005_rw|RW
008001007006_rw|楼宇广告|4|008000000000_rw|008001000000_rw|008001007000_rw|008001007006_rw|RW
008001008000_rw|试驾会|3|008000000000_rw|008001000000_rw|008001008000_rw||RW
008001008001_rw|试乘试驾|4|008000000000_rw|008001000000_rw|008001008000_rw|008001008001_rw|RW
008001008002_rw|大型试乘试驾会活动|4|008000000000_rw|008001000000_rw|008001008000_rw|008001008002_rw|RW
008001009000_rw|车展类|3|008000000000_rw|008001000000_rw|008001009000_rw||RW
008001009001_rw|D级车展、多品牌联展|4|008000000000_rw|008001000000_rw|008001009000_rw|008001009001_rw|RW
008001009002_rw|车展|4|008000000000_rw|008001000000_rw|008001009000_rw|008001009002_rw|RW
008001009003_rw|C级车展|4|008000000000_rw|008001000000_rw|008001009000_rw|008001009003_rw|RW
008001009004_rw|A、B级车展|4|008000000000_rw|008001000000_rw|008001009000_rw|008001009004_rw|RW
008001010000_rw|线下活动其他类|3|008000000000_rw|008001000000_rw|008001010000_rw||RW
008001010001_rw|线下其他|4|008000000000_rw|008001000000_rw|008001010000_rw|008001010001_rw|RW
008001010002_rw|SCRM活动签到|4|008000000000_rw|008001000000_rw|008001010000_rw|008001010002_rw|RW
008002000000_rw|线上活动参与|2|008000000000_rw|008002000000_rw|||RW
008002001000_rw|网页端活动参与|3|008000000000_rw|008002000000_rw|008002001000_rw||RW
008002001001_rw|33亿促销活动留资|4|008000000000_rw|008002000000_rw|008002001000_rw|008002001001_rw|RW
008002002000_rw|APP活动参与|3|008000000000_rw|008002000000_rw|008002002000_rw||RW
008002002001_rw|社交裂变类参与|4|008000000000_rw|008002000000_rw|008002002000_rw|008002002001_rw|RW
008002002002_rw|合伙人邀请点击|4|008000000000_rw|008002000000_rw|008002002000_rw|008002002002_rw|RW
008002002003_rw|合伙人二期核心坑位点击|4|008000000000_rw|008002000000_rw|008002002000_rw|008002002003_rw|RW
008002002004_rw|双十一活动商品按钮点击|4|008000000000_rw|008002000000_rw|008002002000_rw|008002002004_rw|RW
008002002005_rw|抽奖页面-活动规则点击|4|008000000000_rw|008002000000_rw|008002002000_rw|008002002005_rw|RW
008002002006_rw|抽奖活动详情页-立即抽奖按钮点击|4|008000000000_rw|008002000000_rw|008002002000_rw|008002002006_rw|RW
008002002007_rw|售后7月天天抽奖页面-活动规则点击|4|008000000000_rw|008002000000_rw|008002002000_rw|008002002007_rw|RW
008002002008_rw|售后7月天天抽奖页面-抽奖按钮点击|4|008000000000_rw|008002000000_rw|008002002000_rw|008002002008_rw|RW
008002002009_rw|空调养护服务天天抽奖页面-活动规则点击|4|008000000000_rw|008002000000_rw|008002002000_rw|008002002009_rw|RW
008002002010_rw|空调养护服务天天抽奖页面-抽奖按钮点击|4|008000000000_rw|008002000000_rw|008002002000_rw|008002002010_rw|RW
008002002011_rw|报名活动|4|008000000000_rw|008002000000_rw|008002002000_rw|008002002011_rw|RW
008002003000_rw|APP游戏参与|3|008000000000_rw|008002000000_rw|008002003000_rw||RW
008002003001_rw|APP斗地主活动按钮点击|4|008000000000_rw|008002000000_rw|008002003000_rw|008002003001_rw|RW
008002005000_rw|小程序游戏参与|3|008000000000_rw|008002000000_rw|008002005000_rw||RW
008002005001_rw|小程序斗地主活动按钮点击|4|008000000000_rw|008002000000_rw|008002005000_rw|008002005001_rw|RW
008002004000_rw|线上其他活动|3|008000000000_rw|008002000000_rw|008002004000_rw||RW
008002004001_rw|网络|4|008000000000_rw|008002000000_rw|008002004000_rw|008002004001_rw|RW
008002004002_rw|电台|4|008000000000_rw|008002000000_rw|008002004000_rw|008002004002_rw|RW
008002004003_rw|微信营销（朋友圈联动、加好友比赛等）|4|008000000000_rw|008002000000_rw|008002004000_rw|008002004003_rw|RW
008002004004_rw|APP投放|4|008000000000_rw|008002000000_rw|008002004000_rw|008002004004_rw|RW
008002004005_rw|线上其他|4|008000000000_rw|008002000000_rw|008002004000_rw|008002004005_rw|RW
008002004006_rw|电视|4|008000000000_rw|008002000000_rw|008002004000_rw|008002004006_rw|RW
008003000000_rw|其他活动参与|2|008000000000_rw|008003000000_rw|||RW
009000000000_rw|销售代表跟进培育|1|009000000000_rw||||RW
009001000000_rw|添加销售代表企业微信|2|009000000000_rw|009001000000_rw|||RW
009002000000_rw|销售代表跟进|2|009000000000_rw|009002000000_rw|||RW
009002001000_rw|销售代表跟进邀约|3|009000000000_rw|009002000000_rw|009002001000_rw||RW
009002002000_rw|销售代表跟进电话|3|009000000000_rw|009002000000_rw|009002002000_rw||RW
009002003000_rw|销售代表跟进展厅接待|3|009000000000_rw|009002000000_rw|009002003000_rw||RW
009002004000_rw|销售代表跟进进入展厅|3|009000000000_rw|009002000000_rw|009002004000_rw||RW
009002005000_rw|销售代表跟进短信|3|009000000000_rw|009002000000_rw|009002005000_rw||RW
009002006000_rw|销售代表跟进参加外展|3|009000000000_rw|009002000000_rw|009002006000_rw||RW
009002007000_rw|销售代表跟进其他|3|009000000000_rw|009002000000_rw|009002007000_rw||RW
009002008000_rw|销售代表跟进微信|3|009000000000_rw|009002000000_rw|009002008000_rw||RW
009002009000_rw|销售代表跟进客户来电|3|009000000000_rw|009002000000_rw|009002009000_rw||RW
009002010000_rw|销售代表跟进上门拜访|3|009000000000_rw|009002000000_rw|009002010000_rw||RW
009002011000_rw|销售代表跟进市场活动|3|009000000000_rw|009002000000_rw|009002011000_rw||RW
009002012000_rw|销售代表跟进电子邮件|3|009000000000_rw|009002000000_rw|009002012000_rw||RW
009004000000_rw|销售代表内容互动|2|009000000000_rw|009004000000_rw|||RW
009004001000_rw|浏览SCRM文案|3|009000000000_rw|009004000000_rw|009004001000_rw||RW
009004001001_rw|浏览客户分享上报|4|009000000000_rw|009004000000_rw|009004001000_rw|009004001001_rw|RW
009004001002_rw|浏览外链|4|009000000000_rw|009004000000_rw|009004001000_rw|009004001002_rw|RW
009004001003_rw|浏览图片|4|009000000000_rw|009004000000_rw|009004001000_rw|009004001003_rw|RW
009004001004_rw|浏览资讯|4|009000000000_rw|009004000000_rw|009004001000_rw|009004001004_rw|RW
009004001005_rw|浏览H5文案|4|009000000000_rw|009004000000_rw|009004001000_rw|009004001005_rw|RW
009004001006_rw|浏览视频|4|009000000000_rw|009004000000_rw|009004001000_rw|009004001006_rw|RW
009004002000_rw|分享SCRM文案|3|009000000000_rw|009004000000_rw|009004002000_rw||RW
009004002001_rw|分享客户分享上报|4|009000000000_rw|009004000000_rw|009004002000_rw|009004002001_rw|RW
009004002002_rw|分享外链|4|009000000000_rw|009004000000_rw|009004002000_rw|009004002002_rw|RW
009004002003_rw|分享图片|4|009000000000_rw|009004000000_rw|009004002000_rw|009004002003_rw|RW
009004002004_rw|分享资讯|4|009000000000_rw|009004000000_rw|009004002000_rw|009004002004_rw|RW
009004002005_rw|分享H5文案|4|009000000000_rw|009004000000_rw|009004002000_rw|009004002005_rw|RW
009004002006_rw|分享视频|4|009000000000_rw|009004000000_rw|009004002000_rw|009004002006_rw|RW
009003000000_rw|DLM外呼|2|009000000000_rw|009003000000_rw|||RW
009003001000_rw|DLM呼入接通|3|009000000000_rw|009003000000_rw|009003001000_rw||RW
009003001001_rw|DLM呼入接通(0,10s)|4|009000000000_rw|009003000000_rw|009003001000_rw|009003001001_rw|RW
009003001002_rw|DLM呼入接通[10s, 30s)|4|009000000000_rw|009003000000_rw|009003001000_rw|009003001002_rw|RW
009003001003_rw|DLM呼入接通[30s, 60s)|4|009000000000_rw|009003000000_rw|009003001000_rw|009003001003_rw|RW
009003001004_rw|DLM呼入接通>=60s|4|009000000000_rw|009003000000_rw|009003001000_rw|009003001004_rw|RW
009003002000_rw|DLM呼入未接通|3|009000000000_rw|009003000000_rw|009003002000_rw||RW
009003003000_rw|DLM呼出接通|3|009000000000_rw|009003000000_rw|009003003000_rw||RW
009003003001_rw|DLM呼出接通(0,10s)|4|009000000000_rw|009003000000_rw|009003003000_rw|009003003001_rw|RW
009003003002_rw|DLM呼出接通[10s, 30s)|4|009000000000_rw|009003000000_rw|009003003000_rw|009003003002_rw|RW
009003003003_rw|DLM呼出接通[30s, 60s)|4|009000000000_rw|009003000000_rw|009003003000_rw|009003003003_rw|RW
009003003004_rw|DLM呼出接通>=60s|4|009000000000_rw|009003000000_rw|009003003000_rw|009003003004_rw|RW
009003004000_rw|DLM呼出未接通|3|009000000000_rw|009003000000_rw|009003004000_rw||RW
010000000000_rw|下订信号|1|010000000000_rw||||RW
010001000000_rw|小订|2|010000000000_rw|010001000000_rw|||RW
010002000000_rw|盲订|2|010000000000_rw|010002000000_rw|||RW
011000000000_rw|大订/交车|1|011000000000_rw||||RW
011001000000_rw|大订|2|011000000000_rw|011001000000_rw|||RW
011002000000_rw|交车|2|011000000000_rw|011002000000_rw|||RW
012000000000_rw|保客|1|012000000000_rw||||RW
012001000000_rw|保客活动|2|012000000000_rw|012001000000_rw|||RW
013000000000_rw|流失信号|1|013000000000_rw||||RW
013001000000_rw|取消订阅社交账号|2|013000000000_rw|013001000000_rw|||RW
013002000000_rw|小程序退款|2|013000000000_rw|013002000000_rw|||RW
013002001000_rw|申请退款|3|013000000000_rw|013002000000_rw|013002001000_rw||RW
014000000000_rw|意向战败|1|014000000000_rw||||RW
014001000000_rw|意向战败分配至其他跟进人员|2|014000000000_rw|014001000000_rw|||RW
014002000000_rw|驳回战败申请|2|014000000000_rw|014002000000_rw|||RW
014003000000_rw|同意战败申请|2|014000000000_rw|014003000000_rw|||RW
014004000000_rw|完全战败|2|014000000000_rw|014004000000_rw|||RW
015000000000_rw|战败唤醒|1|015000000000_rw||||RW
016000000000_rw|服务使用|1|016000000000_rw||||RW
016001000000_rw|APP服务访问|2|016000000000_rw|016001000000_rw|||RW
016001002000_rw|服务首页icon点击|3|016000000000_rw|016001000000_rw|016001002000_rw||RW
016001007000_rw|服务首页访问|3|016000000000_rw|016001000000_rw|016001007000_rw||RW
016001003000_rw|申请取送车服务入口点击情况|3|016000000000_rw|016001000000_rw|016001003000_rw||RW
016001004000_rw|洗车服务搜索结果点击|3|016000000000_rw|016001000000_rw|016001004000_rw||RW
016001005000_rw|洗车服务完成搜索|3|016000000000_rw|016001000000_rw|016001005000_rw||RW
016001006000_rw|服务首页优品商城轮播位点击|3|016000000000_rw|016001000000_rw|016001006000_rw||RW
017000000000_rw|VOC|1|017000000000_rw||||RW
017001000000_rw|调查外呼|2|017000000000_rw|017001000000_rw|||RW
017002000000_rw|回访外呼|2|017000000000_rw|017002000000_rw|||RW
018000000000_rw|维保|1|018000000000_rw||||RW
018001000000_rw|保养类|2|018000000000_rw|018001000000_rw|||RW
018001001000_rw|保养（免费）|3|018000000000_rw|018001000000_rw|018001001000_rw||RW
018001002000_rw|保养|3|018000000000_rw|018001000000_rw|018001002000_rw||RW
018001003000_rw|检查|3|018000000000_rw|018001000000_rw|018001003000_rw||RW
018002000000_rw|维修类|2|018000000000_rw|018002000000_rw|||RW
018002001000_rw|事故|3|018000000000_rw|018002000000_rw|018002001000_rw||RW
018002002000_rw|保修（免费）|3|018000000000_rw|018002000000_rw|018002002000_rw||RW
018002003000_rw|维修|3|018000000000_rw|018002000000_rw|018002003000_rw||RW
018002004000_rw|检修|3|018000000000_rw|018002000000_rw|018002004000_rw||RW
018003000000_rw|其他维保|2|018000000000_rw|018003000000_rw|||RW
018003001000_rw|其他|3|018000000000_rw|018003000000_rw|018003001000_rw||RW
019000000000_rw|绑车|1|019000000000_rw||||RW
019001000000_rw|弱绑车|2|019000000000_rw|019001000000_rw|||RW
019002000000_rw|强绑车|2|019000000000_rw|019002000000_rw|||RW
